,X.1,X,point_ID,study,study_ID,location,country,region,lat,long,reef.type,reef.zone,mindepth,maxdepth,disturbance,distrubance.year,pre.dist.cc,pre.dist.year,post.dist.cc,post.dist.year,recovery.cc,rel.pre.dist,rel.post.dist,rel.recov.cc,rel_rec_rate,rel_res,recovery.year,resistance.time,recovery_time,calculated.recovery.rate,recovery.rate,resistance,resistance.rate,richness,hii100km,hii75km,hii50km,hii25km,hii10km,distance_to_shore_m,MPA_status,MPA_during_recov,MPA_during_resist,yrs_as_MPA_pre_dist,years_of_recov_protected,percent_recov_protected,MPA_name,MPA_designation,MPA_DESIG_TYPE,MPA_IUCN_CAT,NO_TAKE,STATUS,STATUS_YR,river,riv_row,dist_to_riv_m,coast,dist_to_riv_km,name,name_alt,hii500km,hii1000km,grav_NC,pop_cnt,nm_prts,reef_vl,sedimnt,nutrint,cml_scr,tp_thrt,gravity.point.ID,gravity.poly.ID,gravity.reef_ID,gravity.Grav_tot,travel_time.point.ID,travel_time.poly.ID,travel_time.reef_ID,travel_time.tt_pop,travel_time.tt_market,hii100km2,recovery_time2,distance_to_shore_m2,dist_to_riv_m2,hii500km2,grav_NC2,cml_scr2,gravity.Grav_tot2,travel_time.tt_pop2
1,1,138,222,Arias-Gonzalez et al (2017),75,"Mahahual, Mexico",Mexico,Caribbean,18.7100001,-87.71,fringing,slope,12,18,Bleaching,1998,32.55,1997,25.68,1998,30,100,78.89400922,92.16589862,13.2718894,-21.10599078,1999,1,1,4.32,NA,-6.87,-6.87,NA,259587,148474,74961,25564,4740,480,Outside,No,No,0,0,0,NA,NA,NA,NA,NA,NA,NA,767,121,310479.84,207,310.47984,Ula,NA,7293533,20524344,0.29092918,0.432724,0,0.976262,0.5384729,0.6537873,0.47742839,4,1,NA,NA,NA,1,NA,NA,NA,NA,1.772322076,-1.095329117,-0.225946376,-0.853964526,1.814930041,-1.411637737,-0.138831073,NA,NA
2,5,134,219,Buglass et al (2015),72,"Black Jack Hole, Tobago",Laba,Caribbean,11.3000001,-60.5,fringing,slope,8,12,Bleaching,2010,15.6,2010,17.2,2011,13,100,110.2564103,83.33333333,-13.46153846,10.25641026,2013,1,2,-2.1,NA,1.6,1.6,NA,26030,13015,12180,8018,2262,2630,Outside,No,No,0,0,0,NA,NA,NA,NA,NA,NA,NA,1098,171,233058.28,162,233.05828,Orinoco,NA,2797598,11297298,0.45144313,0.6601583,0,0.9268994,0.6730175,0.6682144,0.55896107,4,5,NA,NA,NA,5,NA,NA,NA,NA,-0.47982186,-0.82911514,-0.165219932,-0.915806262,0.200014172,-0.793504605,0.224214998,NA,NA
3,6,131,216,Buglass et al (2015),72,"Western Buccoo, Tobago",Tobago,Caribbean,11.1800001,-60.85,fringing,slope,8,12,Bleaching,2010,20.2,2010,12.5,2011,13.6,100,61.88118812,67.32673267,2.722772277,-38.11881188,2013,1,2,0.55,NA,-7.7,-7.7,NA,100868,41053,15893,7994,2073,532,Outside,No,No,0,0,0,NA,NA,NA,NA,NA,NA,NA,1098,171,201198.45,162,201.19845,Orinoco,NA,3167851,11904562,0.50630256,0.8695875,0,0.8552092,0.664374,0.8114164,0.61297299,2,6,7438,7450,78,6,7438,7450,13,276,0.241826165,-0.82911514,-0.224477644,-0.941254821,0.333007075,-0.582243021,0.464717522,-0.231573596,-0.284622076
4,7,132,217,Buglass et al (2015),72,"Colloden East, Tobago",Tobago,Caribbean,11.2500001,-60.75,fringing,slope,8,12,Bleaching,2010,24.3,2010,14.3,2011,12.2,100,58.84773663,50.20576132,-4.320987654,-41.15226337,2013,1,2,-1.05,NA,-10,-10,NA,68650,23050,12246,11896,5429,439,Outside,No,No,0,0,0,NA,NA,NA,NA,NA,NA,NA,1098,171,213403.58,162,213.40358,Orinoco,NA,3015028,11689229,0.42994138,0.9562056,0,0.9596857,0.7259453,0.7889558,0.63885906,4,7,NA,NA,NA,7,NA,NA,NA,NA,-0.068845633,-0.82911514,-0.227104415,-0.931505774,0.278113868,-0.876307028,0.579982174,NA,NA
5,8,130,215,Buglass et al (2015),72,"Outer Buccoo, Tobago",Tobago,Caribbean,11.1900001,-60.82,fringing,slope,8,12,Bleaching,2010,28.3,2010,18.1,2011,20.2,100,63.95759717,71.37809187,3.71024735,-36.04240283,2013,1,2,1.05,NA,-10.2,-10.2,NA,94765,36059,14816,9163,3194,344,Inside,Yes,Yes,41,2,100,Buccoo Reef,Marine Reserve,National,IV: Protected Seascape: Habitat / Species Management Area,Not Reported,Designated,1970,1098,171,203780.94,162,203.78094,Orinoco,NA,3134802,11846457,0.48822835,0.9453257,0,0.9879295,0.7140466,0.826433,0.65589524,4,8,7438,7450,78,8,7438,7450,13,276,0.182976144,-0.82911514,-0.229787677,-0.939192015,0.32113605,-0.651846118,0.655840324,-0.231573596,-0.284622076
6,9,133,218,Buglass et al (2015),72,"Culloden West, Tobago",Tobago,Caribbean,11.2500001,-60.75,fringing,slope,8,12,Bleaching,2010,27.6,2010,12.5,2011,16,100,45.28985507,57.97101449,6.34057971,-54.71014493,2013,1,2,1.75,NA,-15.1,-15.1,NA,68650,23050,12246,11896,5429,439,Outside,No,No,0,0,0,NA,NA,NA,NA,NA,NA,NA,1098,171,213403.58,162,213.40358,Orinoco,NA,3015028,11689229,0.42994138,0.9562056,0,0.9596857,0.7259453,0.7889558,0.63885906,4,9,NA,NA,NA,9,NA,NA,NA,NA,-0.068845633,-0.82911514,-0.227104415,-0.931505774,0.278113868,-0.876307028,0.579982174,NA,NA
7,10,129,214,Rodgers et al (2015),71,"Kanahena Point., Hawaii",Hawaii,E. Pacific,20.6000001,-156.44,fringing,slope,10,10,COTS,2005,38.44,1999,10.31,2007,25.63,100,26.82101977,66.67533819,7.970863684,-73.17898023,2012,8,5,3.064,NA,-28.13,-3.51625,NA,109287,79172,63178,18830,2841,1290,Inside,Yes,Yes,34,5,100,Ahihi-Kinau,Natural Area Reserve,National,Ia: Strict Nature ReserV: Protected Seascapee,Not Reported,Designated,1973,368,60,3877045.96,251,3877.04596,San Joaquin,NA,405271,405271,NA,0.4345923,0,0,0.9491871,0.9281042,0.43914409,5,10,NA,NA,NA,10,NA,NA,NA,NA,0.323008916,-0.030473212,-0.203068041,1.994888425,-0.659296925,NA,-0.309302161,NA,NA
8,11,127,212,Edmunds et al (2015),70,"LTER 1, Moorea",Moorea,E. Pacific,-17.4799999,-149.85,fringing,slope,10,10,Bleaching,2002,49.22,2001,44.06,2003,50.47,100,89.51645672,102.539618,13.02316132,-10.48354328,2004,2,1,6.41,NA,-5.16,-2.58,NA,26354,23970,15786,3160,2836,152,Outside,No,No,0,0,0,NA,NA,NA,NA,NA,NA,NA,1428,221,3949080.54,4038,3949.08054,Whakatane,NA,35782,42424,0.74049934,0.8880504,0,0.979852,0.9725798,0.6779246,0.70516307,4,11,24122,24172,54,11,24122,24172,13,80,-0.476697592,-1.095329117,-0.23521069,2.052427223,-0.792015403,0.319639893,0.875218518,-0.237709953,-0.284622076
9,12,128,213,Edmunds et al (2015),70,"LTER 1, Moorea",Moorea,E. Pacific,-17.4799999,-149.85,fringing,slope,10,10,Storm,1992,50.94,1991,22.19,1993,49.22,100,43.56105222,96.6234786,6.632803298,-56.43894778,2001,2,8,3.37875,NA,-28.75,-14.375,NA,26354,23970,15786,3160,2836,152,Outside,No,No,0,0,0,NA,NA,NA,NA,NA,NA,NA,1428,221,3949080.54,4038,3949.08054,Whakatane,NA,35782,42424,0.74049934,0.8880504,0,0.979852,0.9725798,0.6779246,0.70516307,4,12,24122,24172,54,12,24122,24172,13,80,-0.476697592,0.768168717,-0.23521069,2.052427223,-0.792015403,0.319639893,0.875218518,-0.237709953,-0.284622076
10,13,126,211,Glynn et al (2014),69,"Uva Island, Panama",Panama,E. Pacific,7.8129807,-81.75972,fringing,slope,3,7,Bleaching,"1983, 1997",13.1,1996,12.74,1998,34.25,100,97.2519084,261.4503817,13.68320611,-2.748091603,2010,2,12,1.7925,NA,-0.36,-0.18,NA,364368,190403,68723,4498,126,0,Inside,Yes,Yes,6,12,100,Coiba,National Park,National,II: National Park,Not Reported,Designated,1992,1153,179,144618.9,208,144.6189,Santa Maria,NA,3338127,20806224,NA,0.4358744,0,0,0.7661284,0.7017117,0.36351476,5,13,NA,NA,NA,13,NA,NA,NA,NA,2.782704525,1.833024623,-0.239503908,-0.986448661,0.394169306,NA,-0.646061987,NA,NA
11,14,125,210,Graham et al (2014),68,"John Brewer reef, GBR, Australia",Australia,W. Pacific,-18.6299999,147.05,fringing,mid-shelf,7,9,"Bleaching, COTS",1999-2003,23.94,1995,2,2003,3.85,100,8.354218881,16.08187135,1.287942077,-91.64578112,2009,8,6,0.30833333,NA,-21.94,-2.7425,NA,94665,7314,530,0,0,40700,Inside,Yes,Yes,0,5,83.33333,Great Barrier Reef,Marine Park,National,IV: Protected Seascape: Habitat / Species Management Area,Part,Designated,2004,1329,194,669103.4,23,669.1034,Fitzroy,NA,2425302,7989796,0.66891424,0,0,0,0,0,0.1159811,1,14,24731,24782,4,14,24731,24782,124,248,0.182011864,0.235740765,0.910061807,-0.567508099,0.066287435,0.043968389,-1.748271833,-0.250494029,0.311223385
12,15,122,208,Graham et al (2014),68,"Trunk Reef, GBR, Australia",Australia,W. Pacific,-18.3599999,146.83,fringing,mid-shelf,7,9,"Bleaching, COTS",1999-2003,31.73,1996,3.06,2005,6.07,100,9.643870154,19.13016073,3.162096859,-90.35612985,2008,9,3,1.00333333,NA,-28.67,-3.1855556,NA,82835,18164,910,0,0,44300,Inside,Yes,Yes,1,3,100,Great Barrier Reef,Marine Park,National,IV: Protected Seascape: Habitat / Species Management Area,Part,Designated,2004,1329,194,707049.46,23,707.04946,Fitzroy,NA,2393751,7855730,0.61042123,0,0,0,0,0,0.10583917,1,15,24630,24681,3,15,24630,24681,143,313,0.067937515,-0.562901164,1.011743295,-0.537198063,0.054954484,-0.181285973,-1.79343149,-0.250749711,0.41321495
13,16,123,209,Graham et al (2014),68,"Rib Reef, GBR, Australia",Australia,W. Pacific,-18.4799999,146.87,fringing,mid-shelf,7,9,"Bleaching, COTS",1999-2003,66.06,1995,3.94,2003,23.06,100,5.964274902,34.9076597,4.823897467,-94.0357251,2009,8,6,3.18666667,NA,-62.12,-7.765,NA,99172,17734,1010,0,0,35200,Inside,Yes,Yes,0,5,83.33333,Great Barrier Reef,Marine Park,National,V: Protected SeascapeI: Protected area with sustainable use of natural resources,None,Designated,2004,1329,194,693709.15,23,693.70915,Fitzroy,NA,2425945,7907873,0.63323407,0,0,0,0,0,0.10979462,1,16,24657,24708,4,16,24657,24708,110,297,0.225471973,0.235740765,0.754715089,-0.547853854,0.066518397,-0.093434592,-1.775818791,-0.250494029,0.236071705
14,17,119,205,McClanahan (2014),67,"Kanamai, Kenya",Kenya,Indian Ocean,-3.9204719,39.79315,"fringing, back reef lagoon",,0.3,1.5,Bleaching,1998,22.3,1997,16.8,1999,34.9,100,75.33632287,156.5022422,6.763826607,-24.66367713,2011,2,12,1.50833333,NA,-5.5,-2.75,NA,272487,169564,82074,24091,3953,835,Outside,No,No,0,0,0,NA,NA,NA,NA,NA,NA,NA,602,91,189884.78,25,189.88478,Pangani,NA,6878746,28925744,0.9938941,0.9943036,0,0.9516448,0.9310174,0.9175096,0.7929728,2,17,15720,15755,8438,17,15720,15755,1,27,1.896714223,1.833024623,-0.215919452,-0.9502918,1.665940764,1.295453501,1.266214833,1.905923937,-0.349037801
15,18,120,206,McClanahan (2014),67,"Ras Iwatine, Kenya",Kenya,Indian Ocean,-4.0699999,39.69,"fringing, back reef lagoon",,0.3,1.5,Bleaching,1998,19.9,1997,10.9,1999,26.4,100,54.77386935,132.6633166,6.49078727,-45.22613065,2011,2,12,1.29166667,NA,-9,-4.5,NA,271998,179393,88754,26955,5527,1860,Outside,No,No,0,0,0,NA,NA,NA,NA,NA,NA,NA,602,91,169811.74,25,169.81174,Pangani,NA,7003587,29079911,0.99973778,0.9995238,0.9982233,0.9386402,0.990437,0.949017,0.9796477,1,18,15807,15842,41790,18,15807,15842,1,4,1.891998893,1.833024623,-0.186968472,-0.966325469,1.710782985,1.317957291,2.097434769,10.4334141,-0.349037801
16,19,118,204,McClanahan (2014),67,"Vipingo, Kenya",Kenya,Indian Ocean,-3.8339049,39.82785,"fringing, back reef lagoon",,0.3,1.5,Bleaching,1998,22.4,1997,11.1,1999,11.8,100,49.55357143,52.67857143,0.260416667,-50.44642857,2011,2,12,0.05833333,NA,-11.3,-5.65,NA,276269,172670,81041,22253,3840,1170,Outside,No,No,0,0,0,NA,NA,NA,NA,NA,NA,NA,602,91,200200.27,25,200.20027,Pangani,NA,6859431,28943527,0.98896818,0.968679,0,0.9117701,0,0,0.49751993,1,19,15681,15715,505,19,15681,15715,17,64,1.933183301,1.833024623,-0.206457424,-0.942052134,1.659002919,1.27648397,-0.049368116,-0.122397586,-0.263150167
17,20,121,207,McClanahan (2014),67,"Diani, Kenya",Kenya,Indian Ocean,-4.2599999,39.6,"fringing, back reef lagoon",,0.3,1.5,Bleaching,1998,18.3,1997,3,1999,7,100,16.39344262,38.25136612,1.821493625,-83.60655738,2011,2,12,0.33333333,NA,-15.3,-7.65,NA,280845,170611,86590,22443,4427,883,Inside,Yes,Yes,4,12,100,Diani Chale,Marine National Reserve,National,V: Protected SeascapeI: Protected area with sustainable use of natural resources,Not Reported,Designated,1995,602,91,146441.45,25,146.44145,Pangani,NA,7111386,29139874,0.99085988,0.9910067,0,0.9708587,0,0,0.51196445,2,20,15890,15925,5016,20,15890,15925,1,27,1.977308763,1.833024623,-0.214563698,-0.984992869,1.749503811,1.283768835,0.014949974,1.030981765,-0.349037801
18,21,117,203,McClanahan (2014),67,"Mombasa, Kenya",Kenya,Indian Ocean,-3.9799999,39.75,"fringing, back reef lagoon",,0.3,1.5,Bleaching,1998,30.9,1997,13.4,1999,20.6,100,43.36569579,66.66666667,1.941747573,-56.63430421,2011,2,12,0.6,NA,-17.5,-8.75,NA,271451,173161,85210,25578,5445,721,Outside,No,No,0,0,0,NA,NA,NA,NA,NA,NA,NA,602,91,181781.35,25,181.78135,Pangani,NA,6929306,28989668,0.99410013,0.9963184,0,0.9814272,0.9615455,0.9259116,0.80448685,2,21,15763,15798,1869,21,15763,15798,4,26,1.88672428,1.833024623,-0.219139365,-0.956764547,1.684101646,1.296246914,1.317484221,0.226352011,-0.33293387
19,22,116,202,McClanahan (2014),67,"Watamu, Kenya",Kenya,Indian Ocean,-3.3810819,40.00072,"fringing, back reef lagoon",,0.3,1.5,Bleaching,1998,34.2,1997,9.4,1999,27.5,100,27.48538012,80.40935673,4.410331384,-72.51461988,2011,2,12,1.50833333,NA,-24.8,-12.4,NA,251936,163654,91526,25774,3574,1490,Inside,Yes,Yes,31,12,100,Watamu,Marine National Park,National,Not Reported,Not Reported,Designated,1968,602,91,253815.08,25,253.81508,Pangani,NA,6678758,29128638,0.93611283,0.9714448,0,0.9727086,0.7558849,0.884952,0.75081957,4,22,15443,15475,617,22,15443,15475,4,120,1.698544997,1.833024623,-0.19741907,-0.899226428,1.594106141,1.072940022,1.078516299,-0.093761255,-0.33293387
20,23,115,201,McClanahan (2014),67,"Malindi, Kenya",Kenya,Indian Ocean,-3.2569039,40.14175,"fringing, back reef lagoon",,0.3,1.5,Bleaching,1998,44.6,1997,8.5,1999,28.5,100,19.05829596,63.90134529,3.736920777,-80.94170404,2011,2,12,1.66666667,NA,-36.1,-18.05,NA,237195,141146,72209,21484,3948,1510,Inside,Yes,Yes,31,12,100,Mallindi,Marine National Park,National,II: National Park,Not Reported,Designated,1968,602,91,273287.11,25,273.28711,Pangani,NA,6461927,28903061,0.9352138,0.9932046,0.9982233,0.9475786,0.9968184,0.9660789,0.97250634,3,23,15383,15415,5086,23,15383,15415,1,130,1.556400451,1.833024623,-0.196854173,-0.883672826,1.516221602,1.069477892,2.065635953,1.048879471,-0.349037801
21,24,114,200,Bahr et al (2015),66,"Kaneohe Bay, Hawaii",Hawaii,E. Pacific,21.4666668,-157.8,fringing,patch reef,,,Bleaching,1996,38.03,1992,15.59,2001,58.69,100,40.99395214,154.3255325,8.717813872,-59.00604786,2014,9,13,3.31538462,NA,-22.44,-2.4933333,NA,90613,82283,77719,43184,7540,0,Outside,No,No,0,0,0,NA,NA,NA,NA,NA,NA,NA,368,60,3932123.63,251,3932.12363,San Joaquin,NA,405271,405271,0.98855612,0.9493186,0,0.9863543,0.9035604,0.8360326,0.77357414,1,24,2956,2959,1067,24,2956,2959,6,23,0.14293923,2.099238599,-0.239503908,2.038882614,-0.659296925,1.274897142,1.17983711,0.02129543,-0.322197916
22,25,111,199,Hobbs et al (2015),65,"Christmas Island, Australia",Australia,Indian Ocean,-10.4999999,105.66667,fringing,slope,20,20,Disease,2008,15.55,2005,6.86,2008,8.28,100,44.11575563,53.24758842,3.043944266,-55.88424437,2011,3,3,0.47333333,NA,-8.69,-2.8966667,NA,4007,4007,4007,4007,3603,0,Outside,No,No,0,0,0,NA,NA,NA,NA,NA,NA,NA,321,54,1157635.52,123,1157.63552,Indragi,NA,1116212,7129593,0.55925156,0.6900506,0.9982233,0,0,0,0.38969191,3,25,NA,NA,NA,25,NA,NA,NA,NA,-0.692185291,-0.562901164,-0.239503908,-0.177285087,-0.40393071,-0.378338431,-0.529501223,NA,NA
23,26,110,198,Hobbs et al (2015),65,"Christmas Island, Australia",Australia,Indian Ocean,-10.4999999,105.66667,fringing,slope,5,5,Disease,2008,11,2005,0.9,2008,2.15,100,8.181818182,19.54545455,3.787878788,-91.81818182,2011,3,3,0.41666667,NA,-10.1,-3.3666667,NA,4007,4007,4007,4007,3603,0,Outside,No,No,0,0,0,NA,NA,NA,NA,NA,NA,NA,321,54,1157635.52,123,1157.63552,Indragi,NA,1116212,7129593,0.55925156,0.6900506,0.9982233,0,0,0,0.38969191,3,26,NA,NA,NA,26,NA,NA,NA,NA,-0.692185291,-0.562901164,-0.239503908,-0.177285087,-0.40393071,-0.378338431,-0.529501223,NA,NA
24,27,106,194,Lamy et al (2015),64,"Haapiti, Moorea",Moorea,E. Pacific,-17.5539999,-149.898,fringing,outer slope,10,10,COTS,2006,25.95,2006,18.02,2008,10.46,100,69.44123314,40.30828516,-14.56647399,-30.55876686,2010,2,2,-3.78,NA,-7.93,-3.965,NA,26354,23672,14418,3160,2134,677,Outside,No,No,0,0,0,NA,NA,NA,NA,NA,NA,NA,1428,221,3939783.46,4038,3939.78346,Whakatane,NA,35742,42394,0.72877451,0.8856326,0,0.9373214,0.9589157,0.7013801,0.69683697,5,27,24190,24240,30,27,24190,24240,22,88,-0.476697592,-0.82911514,-0.220382139,2.045001028,-0.79202977,0.274488018,0.83814433,-0.243846309,-0.236310282
25,28,105,193,Lamy et al (2015),64,"Maatea, Moorea",Moorea,E. Pacific,-17.5959999,-149.795,fringing,outer slope,10,10,COTS,2006,38.88,2005,14.58,2008,6.73,100,37.5,17.30967078,-10.09516461,-62.5,2010,3,2,-3.925,NA,-24.3,-8.1,NA,26354,26326,20336,5802,1566,5760,Outside,No,No,0,0,0,NA,NA,NA,NA,NA,NA,NA,1428,221,3944799.34,4038,3944.79934,Whakatane,NA,35792,42424,0.82197374,0.8811268,0,0.9276504,0.9697661,0.7334586,0.71711625,5,28,24257,24307,46,28,24257,24307,20,58,-0.476697592,-0.82911514,-0.076813527,2.049007544,-0.792011811,0.633394717,0.92844325,-0.239755405,-0.247046236
26,29,107,195,Lamy et al (2015),64,"Taotaha, Moorea",Moorea,E. Pacific,-17.5329999,-149.919,fringing,outer slope,10,10,COTS,2006,32.34,2006,8.04,2008,8.04,100,24.86085343,24.86085343,0,-75.13914657,2010,2,2,0,NA,-24.3,-12.15,NA,26354,22876,12672,3160,1708,194,Outside,No,No,0,0,0,NA,NA,NA,NA,NA,NA,NA,1428,221,3939688.81,4038,3939.68881,Whakatane,NA,35722,42394,0.72199434,0.7671075,0,0.9623232,0.9592283,0.6758794,0.67558617,4,29,24189,24239,43,29,24189,24239,13,84,-0.476697592,-0.82911514,-0.234024406,2.044925425,-0.792036954,0.248377841,0.743519458,-0.24052245,-0.284622076
27,30,109,197,Lamy et al (2015),64,"Gendron, Moorea",Moorea,E. Pacific,-17.5049999,-149.928,fringing,outer slope,10,10,Disease,2006,39.44,2006,9.53,2009,6.54,100,24.163286,16.5821501,-7.581135903,-75.836714,2010,3,1,-2.99,NA,-29.91,-9.97,NA,26354,22454,11756,3160,1332,1220,Outside,No,No,0,0,0,NA,NA,NA,NA,NA,NA,NA,1428,221,3941064,4038,3941.06401,Whakatane,NA,35732,42394,0.72199434,0.7671075,0,0.9623232,0.9592283,0.6758794,0.67558617,4,30,24189,24239,43,30,24189,24239,13,84,-0.476697592,-1.095329117,-0.205045181,2.04602388,-0.792033362,0.248377841,0.743519458,-0.24052245,-0.284622076
28,31,108,196,Lamy et al (2015),64,"Tetaiuo, Moorea",Moorea,E. Pacific,-17.5119999,-149.926,fringing,outer slope,10,10,COTS,2006,41.5,2005,7.1,2009,6.73,100,17.10843373,16.21686747,-0.445783133,-82.89156627,2011,4,2,-0.185,NA,-34.4,-8.6,NA,26354,22544,11918,3160,1426,909,Outside,No,No,0,0,0,NA,NA,NA,NA,NA,NA,NA,1428,221,3940700.33,4038,3940.70032,Whakatane,NA,35732,42394,0.72199434,0.7671075,0,0.9623232,0.9592283,0.6758794,0.67558617,4,31,24189,24239,43,31,24189,24239,13,84,-0.476697592,-0.82911514,-0.213829332,2.045733393,-0.792033362,0.248377841,0.743519458,-0.24052245,-0.284622076
29,32,102,190,Lamy et al (2015),64,"Temae, Moorea",Moorea,E. Pacific,-17.5069999,-149.76,fringing,outer slope,10,10,COTS,2006,41.58,2005,3.26,2008,3.25,100,7.84030784,7.816257816,-0.012025012,-92.15969216,2010,3,2,-0.005,NA,-38.32,-12.7733333,NA,26354,26200,20752,6374,1794,3700,Outside,No,No,0,0,0,NA,NA,NA,NA,NA,NA,NA,1428,221,3954178.32,4038,3954.17832,Whakatane,NA,35792,42424,0.78295967,0.8786358,0,0.9512235,0,0,0.4530291,4,32,NA,NA,NA,32,NA,NA,NA,NA,-0.476697592,-0.82911514,-0.134997934,2.056499158,-0.792011811,0.483153013,-0.247475439,NA,NA
30,33,99,188,Lamy et al (2015),64,"Aroa, Moorea",Moorea,E. Pacific,-17.4709999,-149.777,fringing,outer slope,10,10,COTS,2006,40.7,2005,2.1,2009,2.08,100,5.15970516,5.110565111,-0.049140049,-94.84029484,2010,4,1,-0.02,NA,-38.6,-9.65,NA,26354,25582,19230,4656,1506,957,Outside,No,No,0,0,0,NA,NA,NA,NA,NA,NA,NA,1428,221,3955513.45,4038,3955.51345,Whakatane,NA,35792,42424,0.78295967,0.8786358,0,0.9512235,0,0,0.4530291,4,33,24123,24173,81,33,24123,24173,8,66,-0.476697592,-1.095329117,-0.212473579,2.057565615,-0.792011811,0.483153013,-0.247475439,-0.230806552,-0.311461961
31,34,104,192,Lamy et al (2015),64,"Afareaitu, Moorea",Moorea,E. Pacific,-17.5689999,-149.784,fringing,outer slope,10,10,COTS,2006,44.49,2006,4.67,2009,4.67,100,10.49674084,10.49674084,0,-89.50325916,2010,3,1,0,NA,-39.82,-13.2733333,NA,26354,26326,20616,6182,2256,4590,Outside,No,No,0,0,0,NA,NA,NA,NA,NA,NA,NA,1428,221,3947674.05,4038,3947.67405,Whakatane,NA,35792,42424,0.82197374,0.8811268,0,0.9276504,0.9697661,0.7334586,0.71711625,5,34,NA,NA,NA,34,NA,NA,NA,NA,-0.476697592,-1.095329117,-0.10986001,2.051303766,-0.792011811,0.633394717,0.92844325,NA,NA
32,35,103,191,Lamy et al (2015),64,"Ahi, Moorea",Moorea,E. Pacific,-17.5489999,-149.771,fringing,outer slope,10,10,COTS,2006,47.91,2006,5.49,2009,4,100,11.4589856,8.348987685,-3.109997913,-88.5410144,2010,3,1,-1.49,NA,-42.42,-14.14,NA,26354,26354,21060,6720,2314,4560,Outside,No,No,0,0,0,NA,NA,NA,NA,NA,NA,NA,1428,221,3950187.37,4038,3950.18737,Whakatane,NA,35792,42424,0.82197374,0.8811268,0,0.9276504,0.9697661,0.7334586,0.71711625,5,35,NA,NA,NA,35,NA,NA,NA,NA,-0.476697592,-1.095329117,-0.110707356,2.053311321,-0.792011811,0.633394717,0.92844325,NA,NA
33,36,96,185,Lamy et al (2015),64,"Tiahura Reef, Moorea",Moorea,E. Pacific,-17.4829999,-149.9,fringing,outer slope,10,10,COTS,2006,54.95,2005,9.91,2008,3.36,100,18.03457689,6.114649682,-5.959963603,-81.96542311,2010,3,2,-3.275,NA,-45.04,-15.0133333,NA,26354,22814,12954,3160,1718,938,Outside,No,No,0,0,0,NA,NA,NA,NA,NA,NA,NA,1428,221,3944911.9,4038,3944.9119,Whakatane,NA,35782,42424,0.72238767,0.7565206,0,0.9556927,0.9626122,0.6608074,0.67087818,5,36,24122,24172,54,36,24122,24172,13,80,-0.476697592,-0.82911514,-0.213010231,2.049097453,-0.792015403,0.249892539,0.722555873,-0.237709953,-0.284622076
34,37,100,189,Lamy et al (2015),64,"Nuarei, Moorea",Moorea,E. Pacific,-17.5009999,-149.755,fringing,outer slope,10,10,COTS,2006,47.92,2006,1.42,2009,1.35,100,2.96327212,2.817195326,-0.146076795,-97.03672788,2010,3,1,-0.07,NA,-46.5,-15.5,NA,26354,26228,20830,6464,1610,3930,Outside,No,No,0,0,0,NA,NA,NA,NA,NA,NA,NA,1428,221,3955019.49,4038,3955.01949,Whakatane,NA,35792,42424,0.78295967,0.8786358,0,0.9512235,0,0,0.4530291,4,37,NA,NA,NA,37,NA,NA,NA,NA,-0.476697592,-1.095329117,-0.128501617,2.057171056,-0.792011811,0.483153013,-0.247475439,NA,NA
35,38,98,187,Lamy et al (2015),64,"Pihaena, Moorea",Moorea,E. Pacific,-17.4769999,-149.829,fringing,outer slope,10,10,COTS,2006,48.72,2006,1.12,2008,1.12,100,2.298850575,2.298850575,0,-97.70114943,2010,2,2,0,NA,-47.6,-23.8,NA,26354,24442,16738,3232,2816,380,Outside,No,No,0,0,0,NA,NA,NA,NA,NA,NA,NA,1428,221,3950961.41,4038,3950.96141,Whakatane,NA,35782,42424,0.76544736,0.8981977,0,0.9728735,0.9740878,0.6982293,0.71338043,5,38,24122,24172,54,38,24122,24172,13,80,-0.476697592,-0.82911514,-0.228770862,2.053929598,-0.792015403,0.415713772,0.911808512,-0.237709953,-0.284622076
36,39,97,186,Lamy et al (2015),64,"Entre 2 Baies, Moorea",Moorea,E. Pacific,-17.4759999,-149.837,fringing,outer slope,10,10,COTS,2006,55.4,2005,6.36,2009,3.79,100,11.4801444,6.841155235,-4.63898917,-88.5198556,2010,4,1,-2.57,NA,-49.04,-12.26,NA,26354,24246,16312,3178,2844,473,Outside,No,No,0,0,0,NA,NA,NA,NA,NA,NA,NA,1428,221,3950404.42,4038,3950.40443,Whakatane,NA,35782,42424,0.76544736,0.8981977,0,0.9728735,0.9740878,0.6982293,0.71338043,5,39,24122,24172,54,39,24122,24172,13,80,-0.476697592,-1.095329117,-0.22614409,2.053484693,-0.792015403,0.415713772,0.911808512,-0.237709953,-0.284622076
37,40,93,182,Russ et al (2015),63,"Apo Island, Phillipines",Phillipines,W. Pacific,9.0800001,123.27,fringing,slope,3,17,Bleaching,1998,12.65,1994,20.75,1998,50.12,100,164.0316206,396.2055336,25.79710145,64.03162055,2007,4,9,3.26333333,NA,8.1,2.025,NA,277741,144470,58234,13162,678,0,Inside,Yes,Yes,4,9,100,Apo Island,Protected Landscape and Seascape,National,V: Protected Seascape,Not Reported,Designated,1994,111,13,225516.31,144,225.51631,NA,NA,4544731,9766771,0.68760653,0.6790058,0,0.9806946,0.9397528,0.926796,0.69299618,4,40,NA,NA,NA,40,NA,NA,NA,NA,1.947377505,1.034382694,-0.239503908,-0.921830533,0.827575026,0.115951689,0.821042185,NA,NA
38,41,95,184,Russ et al (2015),63,"Sumilon, Phillipines",Phillipines,W. Pacific,9.4300001,123.39,fringing,slope,3,17,Bleaching,1998,19.41,1995,11.82,1998,23.03,100,60.89644513,118.6501803,6.417081688,-39.10355487,2007,3,9,1.24555556,NA,-7.59,-2.53,NA,342263,191774,87442,17163,2375,0,Outside,No,No,0,0,0,NA,NA,NA,NA,NA,NA,NA,111,13,255613.82,144,255.61382,NA,NA,4756130,9637898,0.66226518,0.9473221,0,0.957909,0.9602582,0.9396569,0.73628676,5,41,NA,NA,NA,41,NA,NA,NA,NA,2.569550384,1.034382694,-0.239503908,-0.897789655,0.903508419,0.018363111,1.013805075,NA,NA
39,42,94,183,Russ et al (2015),63,"Sumilon, Phillipines",Phillipines,W. Pacific,9.4300001,123.39,fringing,slope,3,17,Bleaching,1998,39.41,1995,25.69,1998,35.25,100,65.18650089,89.44430348,2.695311399,-34.81349911,2007,3,9,1.06222222,NA,-13.72,-4.5733333,NA,342263,191774,87442,17163,2375,0,Outside,No,No,0,0,0,NA,NA,NA,NA,NA,NA,NA,111,13,255613.82,144,255.61382,NA,NA,4756130,9637898,0.66226518,0.9473221,0,0.957909,0.9602582,0.9396569,0.73628676,5,42,NA,NA,NA,42,NA,NA,NA,NA,2.569550384,1.034382694,-0.239503908,-0.897789655,0.903508419,0.018363111,1.013805075,NA,NA
40,43,92,181,Russ et al (2015),63,"Apo Island, Phillipines",Phillipines,W. Pacific,9.0800001,123.27,fringing,slope,3,17,Bleaching,1998,63.42,1997,46.15,1998,66.29,100,72.76884264,104.5253863,3.528504853,-27.23115736,2007,1,9,2.23777778,NA,-17.27,-17.27,NA,277741,144470,58234,13162,678,0,Inside,Yes,Yes,4,9,100,Apo Island,Protected Landscape and Seascape,National,V: Protected Seascape,Not Reported,Designated,1994,111,13,225516.31,144,225.51631,NA,NA,4544731,9766771,0.68760653,0.6790058,0,0.9806946,0.9397528,0.926796,0.69299618,4,43,NA,NA,NA,43,NA,NA,NA,NA,1.947377505,1.034382694,-0.239503908,-0.921830533,0.827575026,0.115951689,0.821042185,NA,NA
41,44,91,180,DeBose et al (2013),62,"Stetson Bank, Gulf of Mexico",Texas,Caribbean,28.2000001,-94.3,atoll,flat,15,15,"Bleaching, Storm",2005,29.8,2005,7.43,2006,5.73,100,24.93288591,19.22818792,-2.852348993,-75.06711409,2008,1,2,-0.85,NA,-22.37,-22.37,NA,0,0,0,0,0,126000,Outside,No,No,0,0,0,NA,NA,NA,NA,NA,NA,NA,588,85,484539.8,206,484.5398,Mississippi,NA,9238943,43169579,NA,NA,NA,NA,NA,NA,NA,NA,44,NA,NA,NA,44,NA,NA,NA,NA,-0.730823999,-0.82911514,3.319348182,-0.714931289,2.513710936,NA,NA,NA,NA
42,45,89,179,Gilmour et al (2013),61,"Scott Reef, Australia",Australia,Indian Ocean,-14.0688199,121.76593,atoll,slope,9,9,Bleaching,1998,48.24,1998,10.96,1999,43.33,100,22.71973466,89.82172471,5.591832504,-77.28026534,2011,1,12,2.6975,NA,-37.28,-37.28,NA,0,0,0,0,0,0,Outside,No,No,0,0,0,NA,NA,NA,NA,NA,NA,NA,491,76,436688.11,22,436.68811,Fitzroy,NA,527131,4454930,0.25663501,0.3105539,0,0,0,0,0.09834324,2,45,22418,22466,0,45,22418,22466,971,1551,-0.730823999,1.833024623,-0.239503908,-0.753153608,-0.615525463,-1.543703284,-1.826809124,-0.251516755,4.857900005
43,46,88,178,Speed et al (2013),60,"Bundegi Reef, Australia",Australia,Indian Ocean,-21.8049317,114.18648,,,,,Storm,1999,75.78,1989,10.41,1999,48.48,100,13.73713381,63.9746635,5.023752969,-86.26286619,2009,10,10,3.807,NA,-65.37,-6.537,NA,91275,42285,13389,4768,1078,1410,Inside,Yes,No,0,4,40,Ningaloo,Marine Park,National,II: National Park,All,Designated,2005,491,76,1089106,22,1089.10601,Fitzroy,NA,1631232,5397822,0.25702834,0.333431,0,0.9569932,0.5499117,0.569694,0.43986079,4,46,26474,26525,15,46,26474,26525,1,3496,0.149322765,1.30059667,-0.199678658,-0.232024161,-0.218938273,-1.542188585,-0.306110863,-0.247681532,-0.349037801
44,47,87,177,Haapkyla et al (2013),59,"Geoffrey Bay, GBR, Australia",Australia,W. Pacific,-19.1558332,146.86111,inner shelf,inner shelf,5,5,Bleaching,2009,39.44,2008,21.67,2009,30.28,100,54.94421907,76.77484787,21.8306288,-45.05578093,2010,1,1,8.61,NA,-17.77,-17.77,NA,196220,108349,60479,24087,1481,68.1,Inside,Yes,Yes,5,1,100,Great Barrier Reef,Marine Park,National,II: National Park,All,Designated,2004,1329,194,634576.25,23,634.57625,Fitzroy,NA,2715177,8211066,0.97698114,0.7335885,0,0.9648326,0.9298588,0.7067787,0.71465533,1,47,NA,NA,NA,47,NA,NA,NA,NA,1.161286633,-1.095329117,-0.237580433,-0.595087224,0.170408989,1.230322333,0.917485345,NA,NA
45,48,86,176,Haapkyla et al (2013),59,"Nelly Bay, GBR, Australia",Australia,W. Pacific,-19.1719444,146.84833,inner shelf,inner shelf,5,5,Bleaching,2009,58.06,2008,31.39,2009,48.61,100,54.06476059,83.72373407,29.65897348,-45.93523941,2010,1,1,17.22,NA,-26.67,-26.67,NA,200650,110833,62516,27353,2023,1400,Inside,Yes,Yes,5,1,100,Great Barrier Reef,Marine Park,National,V: Protected SeascapeI: Protected area with sustainable use of natural resources,None,Designated,2004,1329,194,634051.58,23,634.05158,Fitzroy,NA,2729085,8226280,0.98233785,0.8788373,0,0.9911715,0.9403781,0.7037754,0.74648684,4,48,NA,NA,NA,48,NA,NA,NA,NA,1.204004247,-1.095329117,-0.199961107,-0.595506313,0.175404668,1.25095082,1.05922366,NA,NA
46,49,85,175,Phongsuwan et al (2013),58,"Similan Islands, Thailand",Thailand,Indian Ocean,8.6600001,97.65,reef slope,reef slope,2,15,Bleaching,1998,26.84,1988,29.4,2002,31.66,100,109.538003,117.9582712,2.105067064,9.538002981,2006,14,4,0.565,NA,2.56,0.1828571,NA,71994,11193,190,162,126,507,Inside,Yes,Yes,20,4,100,Ao Phangnga - Mu Koh Surin - Mu Koh Similan,National Park and ASEAN Heritage Park,National,II: National Park,Not Reported,Designated,1982,1322,192,674621.99,123,674.62199,Asahan,NA,3164143,21189829,0.27337941,0.5554436,0,0.9945967,0,0,0.31615745,4,49,9323,9341,36,49,9323,9341,36,260,-0.036600103,-0.296687188,-0.225183765,-0.563100035,0.331675181,-1.479221235,-0.85693308,-0.24231222,-0.161158602
47,50,84,174,Phongsuwan et al (2013),58,"Surin Islands, Thailand",Thailand,Indian Ocean,9.4100001,97.88,reef slope,reef slope,2,15,Bleaching,1998,43.01,1988,35.54,1998,55.28,100,82.63194606,128.5282492,5.737037898,-17.36805394,2006,10,8,2.4675,NA,-7.47,-0.747,NA,104190,31784,1312,461,443,723,Inside,Yes,Yes,17,8,100,Mu Ko Surin,Marine National Park,National,II: National Park,All,Designated,1981,1322,192,745121.28,123,745.12128,Asahan,NA,2860220,23659840,0.33144163,0.7353469,0,0.9947615,0.5522289,0,0.4420619,4,50,8765,8781,26,50,8765,8781,9,318,0.273859554,0.768168717,-0.219082876,-0.506787575,0.222507661,-1.255625829,-0.296309832,-0.244869036,-0.306093984
48,51,83,173,Kuo et al (2012),57,"Wanlitung Reef, Taiwan",Taiwan,W. Pacific,21.9950168,120.7036,fringing reef,,,,"Bleaching, Storm",1997,35,1987,19.57,1999,46.92,100,55.91428571,134.0571429,19.53571429,-44.08571429,2003,12,4,6.8375,NA,-15.43,-1.2858333,NA,190314,99317,41380,18849,6404,713,Inside,Yes,Yes,15,4,100,Kenting,National Park,National,II: National Park,Not Reported,Designated,1984,1242,183,681319.6,278,681.3196,Ou,NA,3232136,21020005,0.96647375,0.9176863,0,0.9573778,0.7871304,0.8248485,0.73968275,1,51,NA,NA,NA,51,NA,NA,NA,NA,1.104336244,-0.296687188,-0.219365324,-0.557750209,0.356097904,1.189858773,1.028926629,NA,NA
49,52,82,172,Shibuna et al (2002),56,"Ishigaki Island, Japan",Japan,W. Pacific,24.4700001,124.21,outer reef flat,reef flat,1,2,Bleaching,1998,38.6,1997,2.5,1998,4.9,100,6.476683938,12.69430052,3.10880829,-93.52331606,2000,1,2,1.2,NA,-36.1,-36.1,NA,18610,18610,16822,9600,5242,1540,Inside,Yes,Yes,26,2,100,Iriomote ishigaki,National Park,National,II: National Park,Not Reported,Designated,1972,1242,183,544598.65,278,544.59865,Ou,NA,1467763,16462819,0.85653013,0.9024104,0,0.9740274,0.712226,0.7378623,0.69605233,4,52,1482,1482,324,52,1482,1482,2,794,-0.551371452,-0.82911514,-0.196006827,-0.666958302,-0.277655466,0.766470064,0.834650511,-0.168675942,-0.343669824
50,53,74,165,Bena and Van Woesik (2004),55,"Site 1, Okinawa, Japan",Japan,W. Pacific,26.3166668,127.75,,,3,4,Bleaching,1998,11.05,1998,8,1999,6,100,72.39819005,54.29864253,-18.09954751,-27.60180995,2000,1,1,-2,NA,-3.05,-3.05,NA,65996,61599,51080,30576,10046,885,Inside,No,No,0,0,0,Common fishery right area(Okinawa),Common fishery right area,National,V: Protected SeascapeI: Protected area with sustainable use of natural resources,Not Reported,Designated,2003,1242,183,738445.69,278,738.44569,Ou,NA,132393,10727902,0.99217097,0.9963367,0,0.994267,0.8280859,0.8478065,0.7739646,2,53,713,713,6644,53,713,713,4,13,-0.09443763,-1.095329117,-0.214507209,-0.512119812,-0.757313247,1.288817793,1.181575737,1.447231284,-0.33293387
51,54,76,167,Bena and Van Woesik (2004),55,"Site 1, Okinawa, Japan",Japan,W. Pacific,26.3166668,127.75,,,9,10,Bleaching,1998,25.53,1998,16.49,1999,17.98,100,64.59067763,70.42694869,5.836271054,-35.40932237,2000,1,1,1.49,NA,-9.04,-9.04,NA,65996,61599,51080,30576,10046,885,Inside,No,No,0,0,0,Common fishery right area(Okinawa),Common fishery right area,National,V: Protected SeascapeI: Protected area with sustainable use of natural resources,Not Reported,Designated,2003,1242,183,738445.69,278,738.44569,Ou,NA,132393,10727902,0.99217097,0.9963367,0,0.994267,0.8280859,0.8478065,0.7739646,2,54,713,713,6644,54,713,713,4,13,-0.09443763,-1.095329117,-0.214507209,-0.512119812,-0.757313247,1.288817793,1.181575737,1.447231284,-0.33293387
52,55,81,171,Bena and Van Woesik (2004),55,"Site 2, Okinawa, Japan",Japan,W. Pacific,26.3494141,127.74336,,,9,10,Bleaching,1998,18.19,1998,9.15,1999,9.36,100,50.30236394,51.45684442,1.154480484,-49.69763606,2000,1,1,0.21,NA,-9.04,-9.04,NA,66156,62145,51812,30049,9946,701,Inside,No,No,0,0,0,Common fishery right area(Okinawa),Common fishery right area,National,V: Protected SeascapeI: Protected area with sustainable use of natural resources,Not Reported,Designated,2003,1242,183,736733.89,278,736.73389,Ou,NA,132393,10846338,0.99217097,0.9963367,0,0.994267,0.8280859,0.8478065,0.7739646,2,55,676,676,1511,55,676,676,1,43,-0.092894782,-1.095329117,-0.219704263,-0.51348714,-0.757313247,1.288817793,1.181575737,0.134818026,-0.349037801
53,56,80,170,Bena and Van Woesik (2004),55,"Site 2, Okinawa, Japan",Japan,W. Pacific,26.3494141,127.74336,,,6,7,Bleaching,1998,23.19,1998,14.04,1999,6.38,100,60.54333765,27.51185856,-33.03147909,-39.45666235,2000,1,1,-7.66,NA,-9.15,-9.15,NA,66156,62145,51812,30049,9946,701,Inside,No,No,0,0,0,Common fishery right area(Okinawa),Common fishery right area,National,V: Protected SeascapeI: Protected area with sustainable use of natural resources,Not Reported,Designated,2003,1242,183,736733.89,278,736.73389,Ou,NA,132393,10846338,0.99217097,0.9963367,0,0.994267,0.8280859,0.8478065,0.7739646,2,56,676,676,1511,56,676,676,1,43,-0.092894782,-1.095329117,-0.219704263,-0.51348714,-0.757313247,1.288817793,1.181575737,0.134818026,-0.349037801
54,57,77,168,Bena and Van Woesik (2004),55,"Site 2, Okinawa, Japan",Japan,W. Pacific,26.3494141,127.74336,,,0,1,Bleaching,1998,12.42,1998,2.42,1999,2.84,100,19.48470209,22.86634461,3.381642512,-80.51529791,2000,1,1,0.42,NA,-10,-10,NA,66156,62145,51812,30049,9946,701,Inside,No,No,0,0,0,Common fishery right area(Okinawa),Common fishery right area,National,V: Protected SeascapeI: Protected area with sustainable use of natural resources,Not Reported,Designated,2003,1242,183,736733.89,278,736.73389,Ou,NA,132393,10846338,0.99217097,0.9963367,0,0.994267,0.8280859,0.8478065,0.7739646,2,57,676,676,1511,57,676,676,1,43,-0.092894782,-1.095329117,-0.219704263,-0.51348714,-0.757313247,1.288817793,1.181575737,0.134818026,-0.349037801
55,58,75,166,Bena and Van Woesik (2004),55,"Site 1, Okinawa, Japan",Japan,W. Pacific,26.3166668,127.75,,,6,7,Bleaching,1998,22.77,1998,8.72,1999,14.26,100,38.29600351,62.62626263,24.33025911,-61.70399649,2000,1,1,5.54,NA,-14.05,-14.05,NA,65996,61599,51080,30576,10046,885,Inside,No,No,0,0,0,Common fishery right area(Okinawa),Common fishery right area,National,V: Protected SeascapeI: Protected area with sustainable use of natural resources,Not Reported,Designated,2003,1242,183,738445.69,278,738.44569,Ou,NA,132393,10727902,0.99217097,0.9963367,0,0.994267,0.8280859,0.8478065,0.7739646,2,58,713,713,6644,58,713,713,4,13,-0.09443763,-1.095329117,-0.214507209,-0.512119812,-0.757313247,1.288817793,1.181575737,1.447231284,-0.33293387
56,59,78,169,Bena and Van Woesik (2004),55,"Site 2, Okinawa, Japan",Japan,W. Pacific,26.3494141,127.74336,,,3,4,Bleaching,1998,25.26,1998,2.74,1999,3.47,100,10.84718923,13.73713381,2.889944576,-89.15281077,2000,1,1,0.73,NA,-22.52,-22.52,NA,66156,62145,51812,30049,9946,701,Inside,No,No,0,0,0,Common fishery right area(Okinawa),Common fishery right area,National,V: Protected SeascapeI: Protected area with sustainable use of natural resources,Not Reported,Designated,2003,1242,183,736733.89,278,736.73389,Ou,NA,132393,10846338,0.99217097,0.9963367,0,0.994267,0.8280859,0.8478065,0.7739646,2,59,676,676,1511,59,676,676,1,43,-0.092894782,-1.095329117,-0.219704263,-0.51348714,-0.757313247,1.288817793,1.181575737,0.134818026,-0.349037801
57,60,73,164,Bena and Van Woesik (2004),55,"Site 1, Okinawa, Japan",Japan,W. Pacific,26.3166668,127.75,,,0,1,Bleaching,1998,47.05,1998,1.05,1999,1.05,100,2.231668438,2.231668438,0,-97.76833156,2000,1,1,0,NA,-46,-46,NA,65996,61599,51080,30576,10046,885,Inside,No,No,0,0,0,Common fishery right area(Okinawa),Common fishery right area,National,V: Protected SeascapeI: Protected area with sustainable use of natural resources,Not Reported,Designated,2003,1242,183,738445.69,278,738.44569,Ou,NA,132393,10727902,0.99217097,0.9963367,0,0.994267,0.8280859,0.8478065,0.7739646,2,60,713,713,6644,60,713,713,4,13,-0.09443763,-1.095329117,-0.214507209,-0.512119812,-0.757313247,1.288817793,1.181575737,1.447231284,-0.33293387
58,61,72,163,Schleyer et al (2008),54,"9 mile reef, South Africa",South Africa,Indian Ocean,-27.4149166,32.72661,shelf slope,reef slope,12,12,Bleaching,2000,12.74,2000,12.36,2001,13.99,100,97.01726845,109.811617,2.558869702,-2.982731554,2006,1,5,0.326,NA,-0.38,-0.38,NA,336051,188186,82197,22103,3844,772,Inside,Yes,Yes,1,5,100,Maputaland Marine Protected Area,Marine Protected Area,National,Not Reported,Not Reported,Designated,2000,1116,176,720963.32,24,720.96332,Great Kei,NA,8701788,27880069,NA,0.6523738,0,0,0.4892416,0.6145966,0.34145328,2,61,NA,NA,NA,61,NA,NA,NA,NA,2.509649297,-0.030473212,-0.217698878,-0.526084141,2.320767725,NA,-0.744296629,NA,NA
59,62,70,161,Wakeford et al (2008),53,"Lizard Island, GBR",Australia,W. Pacific,-14.6999999,145.46,fore reef,reef slope,2.5,2.5,Storm,1990,28.1,1989,20.59,1991,41.48,100,73.27402135,147.6156584,18.58540925,-26.72597865,1995,2,4,5.2225,NA,-7.51,-3.755,NA,44540,24180,7288,44,40,1660,Inside,No,No,0,0,0,Great Barrier Reef,Marine Park,National,Ia: Strict Nature ReserV: Protected Seascapee,All,Designated,2004,1081,167,1086500.19,22,1086.50019,Roper,NA,1556447,8193603,0.46369238,0.3107737,0,0.9952744,0.6466272,0,0.40593013,4,62,22637,22686,1,62,22637,22686,121,522,-0.301333593,-0.296687188,-0.192617444,-0.234105594,-0.245800646,-0.746333208,-0.457196204,-0.251261074,0.295119453
60,63,69,160,Wakeford et al (2008),53,"Lizard Island, GBR",Australia,W. Pacific,-14.6999999,145.46,fore reef,reef slope,2.5,2.5,"Bleaching, COTS",1982,25.38,1981,10.38,1982,28.1,100,40.89834515,110.7171001,9.974107846,-59.10165485,1989,1,7,2.53142857,NA,-15,-15,NA,44540,24180,7288,44,40,1660,Inside,No,No,0,0,0,Great Barrier Reef,Marine Park,National,Ia: Strict Nature ReserV: Protected Seascapee,All,Designated,2004,1081,167,1086500.19,22,1086.50019,Roper,NA,1556447,8193603,0.46369238,0.3107737,0,0.9952744,0.6466272,0,0.40593013,4,63,22637,22686,1,63,22637,22686,121,522,-0.301333593,0.501954741,-0.192617444,-0.234105594,-0.245800646,-0.746333208,-0.457196204,-0.251261074,0.295119453
61,64,71,162,Wakeford et al (2008),53,"Lizard Island, GBR",Australia,W. Pacific,-14.6999999,145.46,fore reef,reef slope,2.5,2.5,COTS,1996,41.48,1995,18.68,1997,23.98,100,45.03375121,57.81099325,2.555448409,-54.96624879,2002,2,5,1.06,NA,-22.8,-11.4,NA,44540,24180,7288,44,40,1660,Inside,No,No,0,0,0,Great Barrier Reef,Marine Park,National,Ia: Strict Nature ReserV: Protected Seascapee,All,Designated,2004,1081,167,1086500.19,22,1086.50019,Roper,NA,1556447,8193603,0.46369238,0.3107737,0,0.9952744,0.6466272,0,0.40593013,4,64,22637,22686,1,64,22637,22686,121,522,-0.301333593,-0.030473212,-0.192617444,-0.234105594,-0.245800646,-0.746333208,-0.457196204,-0.251261074,0.295119453
62,65,67,159,Reigl et al (2009),52,"Roatan, Honduras",Honduras,Caribbean,16.3223016,-86.58125,reef crest,reef slope,12,12,"Bleaching, Storm",1998,28.63,1998,19.68,1999,18.78,100,68.73908488,65.59552917,-0.523925952,-31.26091512,2005,1,6,-0.15,NA,-8.95,-8.95,NA,158014,40226,4650,3014,1445,127,Inside,No,No,0,0,0,Islas de la Bahia,Marine National Park,National,Not Reported,Not Reported,Designated,2013,767,121,130566.77,207,130.56677,Ula,NA,9429893,20211650,0.77704107,0.9593926,0.9982233,0.9987362,0.6610453,0.7255541,0.85978503,4,65,NA,NA,NA,65,NA,NA,NA,NA,0.792873736,0.235740765,-0.235916811,-0.997673029,2.582299157,0.460360709,1.563714162,NA,NA
63,67,61,153,Wilson et al 2009,51,"19-131, GBR",Australia,W. Pacific,-19.7666666,149.36667,mid shelf,reef slope,6,9,Storm,1997,61.63,1996,38.24,1998,43.28,100,62.04770404,70.22553951,1.16826221,-37.95229596,2005,2,7,0.72,NA,-23.39,-11.695,NA,16759,2512,0,0,0,44600,Inside,Yes,No,0,1,14.28571,Great Barrier Reef,Marine Park,National,V: Protected SeascapeI: Protected area with sustainable use of natural resources,None,Designated,2004,1329,194,442662.85,23,442.66285,Fitzroy,NA,2240383,8238431,0.44357663,0,0,0,0,0,0.07691046,1,67,25263,25314,2,67,25263,25314,168,519,-0.569220279,0.501954741,1.020216753,-0.748381187,-0.000134483,-0.823798198,-1.922244311,-0.251005392,0.547414378
64,68,62,154,Wilson et al 2009,51,"19-138, GBR",Australia,W. Pacific,-19.7999999,149.43333,mid shelf,reef slope,6,9,Storm,1997,42.31,1996,17.27,1998,39.86,100,40.81777358,94.20940676,7.627376169,-59.18222642,2005,2,7,3.22714286,NA,-25.04,-12.52,NA,12747,2411,0,0,0,36900,Inside,Yes,No,0,1,14.28571,Great Barrier Reef,Marine Park,National,V: Protected SeascapeI: Protected area with sustainable use of natural resources,None,Designated,2004,1329,194,436864.5,23,436.8645,Fitzroy,NA,2226855,8250764,0.43917514,0,0,0.8693128,0,0,0.22687492,4,68,25264,25315,2,68,25264,25315,195,533,-0.607907201,0.501954741,0.802731347,-0.753012714,-0.004993669,-0.840748169,-1.254487431,-0.251005392,0.69234976
65,69,63,155,Wilson et al 2009,51,"Chicken Reef, GBR",Australia,W. Pacific,-18.6499999,147.7,outer shelf,reef slope,6,9,COTS,2003,38.08,2002,12.88,2004,13.42,100,33.82352941,35.24159664,1.418067227,-66.17647059,2005,2,1,0.54,NA,-25.2,-12.6,NA,4821,0,0,0,0,78900,Inside,Yes,No,0,1,100,Great Barrier Reef,Marine Park,National,V: Protected SeascapeI: Protected area with sustainable use of natural resources,None,Designated,2004,1329,194,630141.13,23,630.14113,Fitzroy,NA,2254938,7941118,0.56146167,0,0,0.9525606,0,0,0.26251193,4,69,24738,24789,2,69,24738,24789,317,358,-0.68433605,-1.095329117,1.989015377,-0.598629848,0.005093595,-0.369827381,-1.09580411,-0.251005392,1.347242969
66,70,66,158,Wilson et al 2009,51,"Thetford Reef, GBR",Australia,W. Pacific,-16.7999999,146.2,mid shelf,reef slope,6,9,COTS,2000,37.89,1999,8.42,2001,7.37,100,22.22222222,19.45104249,-0.692794933,-77.77777778,2005,2,4,-0.2625,NA,-29.47,-14.735,NA,126977,55900,9237,4,0,25300,Inside,Yes,No,0,1,25,Great Barrier Reef,Marine Park,National,IV: Protected Seascape: Habitat / Species Management Area,Part,Designated,2004,1329,194,888733.68,23,888.73368,Fitzroy,NA,2003102,7347791,0.81056732,0,0,0.9804198,0,0,0.31053406,4,70,23740,23790,7,70,23740,23790,133,141,0.493590086,-0.296687188,0.475090996,-0.392074825,-0.085364553,0.589469026,-0.881972728,-0.249726985,0.359535179
67,71,64,156,Wilson et al 2009,51,"Havannah Island, GBR",Australia,W. Pacific,-18.8499999,146.55,inner shelf,reef slope,6,9,"Bleaching, Storm","1998, 2000",44.08,1997,7.81,2001,9.34,100,17.71778584,21.18874773,0.867740472,-82.28221416,2005,4,4,0.3825,NA,-36.27,-9.0675,NA,176827,114179,50273,1118,50,10100,Inside,Yes,Yes,0,1,25,Great Barrier Reef,Marine Park,National,V: Protected SeascapeI: Protected area with sustainable use of natural resources,None,Designated,2004,1329,194,681682.93,23,681.68293,Fitzroy,NA,2654862,7986205,0.79416006,0.4822698,0,0.7656239,0.6503053,0.6961841,0.56038268,1,71,24835,24886,12,71,24835,24886,66,126,0.974283772,-0.296687188,0.045769156,-0.557459994,0.148744162,0.52628529,0.230545097,-0.248448577,-0.000119288
68,72,60,152,Halford et al 2009,50,"Scott Reef, Australia",Australia,Indian Ocean,-14.1816478,121.8462,lagoon,back reef,3,20,Bleaching,1997,44.81,1997,13.47,1998,22.87,100,30.06025441,51.0377148,4.195492078,-69.93974559,2003,1,5,1.88,NA,-31.34,-31.34,NA,0,0,0,0,0,257000,Outside,No,No,0,0,0,NA,NA,NA,NA,NA,NA,NA,491,76,421607.17,22,421.60717,Fitzroy,NA,534406,4448030,0.2505853,0.3087955,0,0,0,0,0.09698942,2,72,22453,22501,0,72,22453,22501,927,1574,-0.730823999,-0.030473212,7.019424562,-0.765199756,-0.612912322,-1.567000488,-1.832837369,-0.251516755,4.621709012
69,73,59,151,Halford et al 2009,50,"Scott Reef, Australia",Australia,Indian Ocean,-14.0756197,121.98421,fore reef,fore reef slope,3,20,Bleaching,1997,53.33,1997,6.63,1998,12.43,100,12.432027,23.30770673,2.175135946,-87.567973,2003,1,5,1.16,NA,-46.7,-46.7,NA,0,0,0,0,0,250000,Outside,No,No,0,0,0,NA,NA,NA,NA,NA,NA,NA,491,76,426182.93,22,426.18293,Fitzroy,NA,563903,4485966,0.25903242,0,0,0,0,0,0.04491288,1,73,22421,22469,0,73,22421,22469,939,1526,-0.730823999,-0.030473212,6.821710557,-0.761544792,-0.602317157,-1.534470949,-2.064722096,-0.251516755,4.686124737
70,75,45,139,Holbrook et al 2018 using extract from data release of Guest 2018,48,"LTER6_Outer_17, Moorea",Moorea,E. Pacific,-17.5117999,-149.9286,fore reef,,~17m,~17m,Storm,2010 (with COTS from 2007-2009 and bleaching in 2007),13.23,2006,1,2010,18.47,100,7.558578987,139.6069539,26.40967498,-92.44142101,2015,4,5,3.494,NA,-12.23,-3.0575,NA,26354,22472,11830,3160,1374,727,Outside,No,No,0,0,0,NA,NA,NA,NA,NA,NA,NA,1428,221,3940510.11,4038,3940.51011,Whakatane,NA,35732,42394,0.72199434,0.7671075,0,0.9623232,0.9592283,0.6758794,0.67558617,4,75,24189,24239,43,75,24189,24239,13,84,-0.476697592,-0.030473212,-0.218969896,2.045581452,-0.792033362,0.248377841,0.743519458,-0.24052245,-0.284622076
71,76,47,140,Holbrook et al 2018 using extract from data release of Guest 2018,48,"LTER2_Outer_10, Moorea",Moorea,E. Pacific,-17.4702999,-149.8112,fore reef,,~10m,~10m,Storm,2010 (with COTS from 2007-2009 and bleaching in 2007),29.44,2006,3.92,2010,37.96,100,13.31521739,128.9402174,23.125,-86.68478261,2015,4,5,6.808,NA,-25.52,-6.38,NA,26354,24796,17486,3434,2268,618,Outside,No,No,0,0,0,NA,NA,NA,NA,NA,NA,NA,1428,221,3952865.33,4038,3952.86533,Whakatane,NA,35792,42424,0.76544736,0.8981977,0,0.9728735,0.9740878,0.6982293,0.71338043,5,76,24123,24173,81,76,24123,24173,8,66,-0.476697592,-0.030473212,-0.222048586,2.055450385,-0.792011811,0.415713772,0.911808512,-0.230806552,-0.311461961
72,77,54,147,Holbrook et al 2018 using extract from data release of Guest 2018,48,"LTER4_Outer_10, Moorea",Moorea,E. Pacific,-17.5521999,-149.7703,fore reef,,~10m,~10m,Storm,2010 (with COTS from 2007-2009 and bleaching in 2007),37.55,2006,9.88,2010,21.46,100,26.31158455,57.15046605,6.167776298,-73.68841545,2015,4,5,2.316,NA,-27.67,-6.9175,NA,26354,26354,21134,6820,2278,4810,Outside,No,No,0,0,0,NA,NA,NA,NA,NA,NA,NA,1428,221,3950004.95,4038,3950.00495,Whakatane,NA,35792,42424,0.82197374,0.8811268,0,0.9276504,0.9697661,0.7334586,0.71711625,5,77,24191,24241,356,77,24191,24241,1,52,-0.476697592,-0.030473212,-0.103646142,2.05316561,-0.792011811,0.633394717,0.92844325,-0.160494133,-0.349037801
73,78,52,145,Holbrook et al 2018 using extract from data release of Guest 2018,48,"LTER5_Outer_10, Moorea",Moorea,E. Pacific,-17.5882999,-149.8714,fore reef,,~10m,~10m,Storm,2010 (with COTS from 2007-2009 and bleaching in 2007),37.08,2006,8.72,2010,23.44,100,23.5167206,63.21467098,7.939590076,-76.4832794,2015,4,5,2.944,NA,-28.36,-7.09,NA,26354,24652,16278,3160,1930,2580,Outside,No,No,0,0,0,NA,NA,NA,NA,NA,NA,NA,1428,221,3939333.51,4038,3939.33351,Whakatane,NA,35762,42404,0.72877451,0.8856326,0,0.9373214,0.9589157,0.7013801,0.69683697,5,78,24190,24240,30,78,24190,24240,22,88,-0.476697592,-0.030473212,-0.166632175,2.044641623,-0.792022586,0.274488018,0.83814433,-0.243846309,-0.236310282
74,79,48,141,Holbrook et al 2018 using extract from data release of Guest 2018,48,"LTER2_Outer_17, Moorea",Moorea,E. Pacific,-17.4702999,-149.8112,fore reef,,~17m,~17m,Storm,2010 (with COTS from 2007-2009 and bleaching in 2007),29.72,2006,0.74,2010,13.23,100,2.489905787,44.51547779,8.405114401,-97.51009421,2015,4,5,2.498,NA,-28.98,-7.245,NA,26354,24796,17486,3434,2268,618,Outside,No,No,0,0,0,NA,NA,NA,NA,NA,NA,NA,1428,221,3952865.33,4038,3952.86533,Whakatane,NA,35792,42424,0.76544736,0.8981977,0,0.9728735,0.9740878,0.6982293,0.71338043,5,79,24123,24173,81,79,24123,24173,8,66,-0.476697592,-0.030473212,-0.222048586,2.055450385,-0.792011811,0.415713772,0.911808512,-0.230806552,-0.311461961
75,80,51,144,Holbrook et al 2018 using extract from data release of Guest 2018,48,"LTER5_Outer_17, Moorea",Moorea,E. Pacific,-17.5882999,-149.8714,fore reef,,~17m,~17m,Storm,2010 (with COTS from 2007-2009 and bleaching in 2007),36.95,2006,5.34,2010,20.64,100,14.45196211,55.85926928,8.281461434,-85.54803789,2015,4,5,3.06,NA,-31.61,-7.9025,NA,26354,24652,16278,3160,1930,2580,Outside,No,No,0,0,0,NA,NA,NA,NA,NA,NA,NA,1428,221,3939333.51,4038,3939.33351,Whakatane,NA,35762,42404,0.72877451,0.8856326,0,0.9373214,0.9589157,0.7013801,0.69683697,5,80,24190,24240,30,80,24190,24240,22,88,-0.476697592,-0.030473212,-0.166632175,2.044641623,-0.792022586,0.274488018,0.83814433,-0.243846309,-0.236310282
76,81,49,142,Holbrook et al 2018 using extract from data release of Guest 2018,48,"LTER3_Outer_17, Moorea",Moorea,E. Pacific,-17.5090999,-149.7584,fore reef,,~17m,~17m,Storm,2010 (with COTS from 2007-2009 and bleaching in 2007),35.96,2006,1.25,2010,7.01,100,3.476084538,19.49388209,3.203559511,-96.52391546,2015,4,5,1.152,NA,-34.71,-8.6775,NA,26354,26256,20858,6446,1794,3940,Outside,No,No,0,0,0,NA,NA,NA,NA,NA,NA,NA,1428,221,3954148.6,4038,3954.1486,Whakatane,NA,35792,42424,0.78295967,0.8786358,0,0.9512235,0,0,0.4530291,4,81,NA,NA,NA,81,NA,NA,NA,NA,-0.476697592,-0.030473212,-0.128219168,2.056475418,-0.792011811,0.483153013,-0.247475439,NA,NA
77,82,50,143,Holbrook et al 2018 using extract from data release of Guest 2018,48,"LTER4_Outer_17, Moorea",Moorea,E. Pacific,-17.5521999,-149.7703,fore reef,,~17m,~17m,Storm,2010 (with COTS from 2007-2009 and bleaching in 2007),36.01,2006,1.18,2010,15.31,100,3.276867537,42.51596779,7.84782005,-96.72313246,2015,4,5,2.826,NA,-34.83,-8.7075,NA,26354,26354,21134,6820,2278,4810,Outside,No,No,0,0,0,NA,NA,NA,NA,NA,NA,NA,1428,221,3950004.95,4038,3950.00495,Whakatane,NA,35792,42424,0.82197374,0.8811268,0,0.9276504,0.9697661,0.7334586,0.71711625,5,82,24191,24241,356,82,24191,24241,1,52,-0.476697592,-0.030473212,-0.103646142,2.05316561,-0.792011811,0.633394717,0.92844325,-0.160494133,-0.349037801
78,83,53,146,Holbrook et al 2018 using extract from data release of Guest 2018,48,"LTER6_Outer_10, Moorea",Moorea,E. Pacific,-17.5117999,-149.9286,fore reef,,~10m,~10m,Storm,2010 (with COTS from 2007-2009 and bleaching in 2007),37.14,2006,2.03,2010,28.86,100,5.465805062,77.70597738,14.44803446,-94.53419494,2015,4,5,5.366,NA,-35.11,-8.7775,NA,26354,22472,11830,3160,1374,727,Outside,No,No,0,0,0,NA,NA,NA,NA,NA,NA,NA,1428,221,3940510.11,4038,3940.51011,Whakatane,NA,35732,42394,0.72199434,0.7671075,0,0.9623232,0.9592283,0.6758794,0.67558617,4,83,24189,24239,43,83,24189,24239,13,84,-0.476697592,-0.030473212,-0.218969896,2.045581452,-0.792033362,0.248377841,0.743519458,-0.24052245,-0.284622076
79,84,55,148,Holbrook et al 2018 using extract from data release of Guest 2018,48,"LTER3_Outer_10, Moorea",Moorea,E. Pacific,-17.5090999,-149.7584,fore reef,,~10m,~10m,Storm,2010 (with COTS from 2007-2009 and bleaching in 2007),40.67,2006,0.59,2010,4.28,100,1.450700762,10.52372756,1.81460536,-98.54929924,2015,4,5,0.738,NA,-40.08,-10.02,NA,26354,26256,20858,6446,1794,3940,Outside,No,No,0,0,0,NA,NA,NA,NA,NA,NA,NA,1428,221,3954148.6,4038,3954.1486,Whakatane,NA,35792,42424,0.78295967,0.8786358,0,0.9512235,0,0,0.4530291,4,84,NA,NA,NA,84,NA,NA,NA,NA,-0.476697592,-0.030473212,-0.128219168,2.056475418,-0.792011811,0.483153013,-0.247475439,NA,NA
80,85,56,149,Holbrook et al 2018 using extract from data release of Guest 2018,48,"LTER1_Outer_17, Moorea",Moorea,E. Pacific,-17.4771999,-149.8461,fore reef,,~17m,~17m,Storm,2010 (with COTS from 2007-2009 and bleaching in 2007),43.95,2006,1.05,2010,15.12,100,2.389078498,34.40273038,6.402730375,-97.6109215,2015,4,5,2.814,NA,-42.9,-10.725,NA,26354,24040,15884,3160,2836,88.4,Outside,No,No,0,0,0,NA,NA,NA,NA,NA,NA,NA,1428,221,3949596.85,4038,3949.59685,Whakatane,NA,35782,42424,0.76544736,0.8981977,0,0.9728735,0.9740878,0.6982293,0.71338043,5,85,24122,24172,54,85,24122,24172,13,80,-0.476697592,-0.030473212,-0.237007062,2.052839634,-0.792015403,0.415713772,0.911808512,-0.237709953,-0.284622076
81,87,41,135,Perry and Morgan 2017,46,"Kodehutigala, in Huvadhoo atoll, southern Maldives",Maldives,Indian Ocean,0.2900001,73.19,atoll,slope,2 meter depth contour,2 meter depth contour,Bleaching,2016,20.7,2016,5.7,2016,4.3,100,27.53623188,20.77294686,-6.763285024,-72.46376812,2017,0,1,-1.4,NA,-15,NA,NA,0,0,0,0,0,0,Outside,No,No,0,0,0,NA,NA,NA,NA,NA,NA,NA,1379,204,1240787.44,145,1240.78744,NA,NA,NA,46409,0.16165646,0.5261741,0,0.7010953,0,0,0.24082182,4,87,12936,12960,4,87,12936,12960,30,1516,-0.730823999,-1.095329117,-0.239503908,-0.110866133,NA,-1.909462077,-1.192385127,-0.250494029,-0.193366465
82,88,42,136,Perry and Morgan 2017,46,"Kadumaigala, in Huvadhoo atoll, southern Maldives",Maldives,Indian Ocean,0.2650751,73.19,atoll,slope,2 meter depth contour,2 meter depth contour,Bleaching,2016,21.5,2016,5.2,2016,3.9,100,24.18604651,18.13953488,-6.046511628,-75.81395349,2017,0,1,-1.3,NA,-16.3,NA,NA,0,0,0,0,0,0,Outside,No,No,0,0,0,NA,NA,NA,NA,NA,NA,NA,1379,204,1242541.88,145,1242.54188,NA,NA,NA,38632,0.16165646,0.5261741,0,0.7010953,0,0,0.24082182,4,88,12996,13020,15,88,12996,13020,8,1512,-0.730823999,-1.095329117,-0.239503908,-0.109464745,NA,-1.909462077,-1.192385127,-0.247681532,-0.311461961
83,89,39,133,Perry and Morgan 2017,46,"Mahutigala, Huvadhoo atoll, southern Maldives",Maldives,Indian Ocean,0.2900001,73.22,atoll,slope,2 meter depth contour,2 meter depth contour,Bleaching,2016,23.5,2016,5.3,2016,5.4,100,22.55319149,22.9787234,0.425531915,-77.44680851,2017,0,1,0.1,NA,-18.2,NA,NA,0,0,0,0,0,0,Outside,No,No,0,0,0,NA,NA,NA,NA,NA,NA,NA,1379,204,1238200.22,145,1238.20022,NA,NA,NA,51071,0.16218089,0.5489963,0,0.7154553,0,0,0.24735967,4,89,12937,12961,5,89,12937,12961,19,1505,-0.730823999,-1.095329117,-0.239503908,-0.112932717,NA,-1.907442517,-1.163273601,-0.250238348,-0.252414213
84,90,43,137,Perry and Morgan 2017,46,"Kafigahlaa, in Huvadhoo atoll, southern Maldives",Maldives,Indian Ocean,0.2900001,73.2,atoll,slope,2 meter depth contour,2 meter depth contour,Bleaching,2016,27.3,2016,5.7,2016,5.8,100,20.87912088,21.24542125,0.366300366,-79.12087912,2017,0,1,0.1,NA,-21.6,NA,NA,0,0,0,0,0,0,Outside,No,No,0,0,0,NA,NA,NA,NA,NA,NA,NA,1379,204,1239924.64,145,1239.92464,NA,NA,NA,47825,0.16165646,0.5261741,0,0.7010953,0,0,0.24082182,4,90,12936,12960,4,90,12936,12960,30,1516,-0.730823999,-1.095329117,-0.239503908,-0.111555309,NA,-1.909462077,-1.192385127,-0.250494029,-0.193366465
85,91,40,134,Perry and Morgan 2017,46,"Kandahalagala, in Huvadhoo atoll, southern Maldives",Maldives,Indian Ocean,0.2300001,73.22,atoll,slope,2 meter depth contour,2 meter depth contour,Bleaching,2016,34.9,2016,9.9,2016,9.8,100,28.36676218,28.08022923,-0.286532951,-71.63323782,2017,0,1,-0.1,NA,-25,NA,NA,0,0,0,0,0,0,Outside,No,No,0,0,0,NA,NA,NA,NA,NA,NA,NA,1379,204,1242438.44,145,1242.43844,NA,NA,NA,32080,0.16203105,0.6436552,0,0.6903802,0,0,0.25939863,4,91,NA,NA,NA,91,NA,NA,NA,NA,-0.730823999,-1.095329117,-0.239503908,-0.10954737,NA,-1.908019545,-1.109666911,NA,NA
86,92,37,131,Carassou et al 2013,45,"Buck Island, USVI",USVI,Caribbean,17.7918061,-64.62786,fringing,slope,,,Storm,1989,29,1989,27,1991,31,100,93.10344828,106.8965517,2.75862069,-6.896551724,1996,2,5,0.8,NA,-2,-1,NA,27662,20542,11065,9292,2490,2400,Inside,Yes,Yes,30,5,100,Buck Island Reef,National Monument,National,Ia: Strict Nature ReserV: Protected Seascapee,All,Designated,1961,1098,170,932421.45,162,932.42145,Orinoco,NA,807082,7010033,0.33621771,0.8412338,0,0.9824712,0.6109865,0,0.46812163,4,92,4579,4586,56,92,4579,4586,19,240,-0.464084807,-0.030473212,-0.171716249,-0.357178505,-0.514968557,-1.237233326,-0.180271912,-0.23719859,-0.252414213
87,93,38,132,Carassou et al 2013,45,"Yawzi Point, USVI",USVI,Caribbean,18.3152301,-64.72583,,,,,Storm,1989,20,1989,13,1989,14,100,65,70,5,-35,1990,0,1,1,NA,-7,NA,NA,34691,25568,11312,8760,2354,77,Inside,Yes,Yes,33,1,100,Virgin Islands,National Park,National,V: Protected Seascape,Part,Designated,1956,1098,170,991329.06,162,991.32906,Orinoco,NA,863445,5754246,0.7319773,0.7457689,0,0.9121547,0.5900581,0,0.50479012,4,93,4295,4302,197,93,4295,4302,1,41,-0.396305551,-1.095329117,-0.237329054,-0.310125089,-0.494723268,0.286821841,-0.01699565,-0.201147495,-0.349037801
88,94,33,128,Carassou et al 2013,45,"Channel Caye, Belize",Belize,Caribbean,16.6410441,-88.1385,barrier,back reef,,,"Bleaching, Storm",1998,41,1998,12,1999,5,100,29.26829268,12.19512195,-17.07317073,-70.73170732,2000,1,1,-7,NA,-29,-29,NA,157619,70852,30115,2038,0,3980,Inside,Yes,Yes,3,1,100,South Water Caye,Marine Reserve,National,IV: Protected Seascape: Habitat / Species Management Area,Not Reported,Designated,1996,767,121,91350.76,207,91.35076,Ula,NA,11504846,20672704,0.64570808,0.402209,0,0.8296579,0.5938098,0.7488622,0.53127926,4,94,4950,4957,114,94,4950,4957,47,114,0.789064829,-1.095329117,-0.127089374,-1.028997458,3.327611206,-0.045397653,0.100954333,-0.222369062,-0.102110854
89,95,36,130,Carassou et al 2013,45,"Dairy Bull Reef, Jamaica",Aiats,Caribbean,18.4686371,-77.3865,fringing,,,,Bleaching,"1987, 1989, 1990",55,1977,23,1995,54,100,41.81818182,98.18181818,6.262626263,-58.18181818,2004,18,9,3.44444444,NA,-32,-1.7777778,NA,359720,292998,132628,34255,7557,639,Outside,No,No,0,0,0,NA,NA,NA,NA,NA,NA,NA,478,73,723973.53,207,723.97353,Coco,NA,3043752,10150542,0.83785657,0.9087296,0.9982233,0.9634039,0.8825585,0.8023879,0.90113362,3,95,4193,4200,422,95,4193,4200,1,36,2.737884781,1.034382694,-0.221455444,-0.523679686,0.288431376,0.694558893,1.747829822,-0.143619152,-0.349037801
90,96,34,129,Carassou et al 2013,45,"Discovery Bay, Jamaica",Jamaica,Caribbean,18.4705281,-77.4105,fringing,,,,Bleaching,"1987, 1989, 1990",60,1970,15,1990,10,100,25,16.66666667,-1.666666667,-75,1995,20,5,-1,NA,-45,-2.25,NA,358617,290486,132631,34121,7177,1130,Inside,No,Yes,0,0,0,Discovery Bay Fish,Fish Sanctuary,National,IV: Protected Seascape: Habitat / Species Management Area,Not Reported,Designated,2009,478,73,721921.37,207,721.92137,Coco,NA,3040071,10168687,0.77273323,0.8832149,0.9997436,0.9559125,0.8970686,0.8164465,0.88876029,3,96,4193,4200,422,96,4193,4200,1,36,2.72724877,-0.030473212,-0.207587219,-0.525318882,0.28710918,0.443771381,1.69273426,-0.143619152,-0.349037801
91,97,29,124,Muthiga 2009,44,"Kanamai, Kenya",Kenya,Indian Ocean,-3.9204719,39.79315,fringing,,,,Bleaching,1998,22.1,1997,18.11,1999,25,100,81.94570136,113.1221719,5.196078431,-18.05429864,2005,2,6,1.14833333,NA,-3.99,-1.995,NA,272487,169564,82074,24091,3953,835,Outside,No,No,0,0,0,NA,NA,NA,NA,NA,NA,NA,602,91,189884.78,25,189.88478,Pangani,NA,6878746,28925744,0.9938941,0.9943036,0,0.9516448,0.9310174,0.9175096,0.7929728,2,97,15720,15755,8438,97,15720,15755,1,27,1.896714223,0.235740765,-0.215919452,-0.9502918,1.665940764,1.295453501,1.266214833,1.905923937,-0.349037801
92,98,32,127,Muthiga 2009,44,"Vipingo, Kenya",Kenya,Indian Ocean,-3.8339049,39.82785,fringing,,,,Bleaching,1998,19.92,1997,11.5,1999,23.12,100,57.73092369,116.064257,9.722222222,-42.26907631,2005,2,6,1.93666667,NA,-8.42,-4.21,NA,276269,172670,81041,22253,3840,1170,Outside,No,No,0,0,0,NA,NA,NA,NA,NA,NA,NA,602,91,200200.27,25,200.20027,Pangani,NA,6859431,28943527,0.98896818,0.968679,0,0.9117701,0,0,0.49751993,1,98,15681,15715,505,98,15681,15715,17,64,1.933183301,0.235740765,-0.206457424,-0.942052134,1.659002919,1.27648397,-0.049368116,-0.122397586,-0.263150167
93,99,31,126,Muthiga 2009,44,"Watamu, Kenya",Kenya,Indian Ocean,-3.3810819,40.00072,fringing,,,,Bleaching,1998,37.87,1997,10.14,1999,11.56,100,26.77581199,30.52548191,0.624944987,-73.22418801,2005,2,6,0.23666667,NA,-27.73,-13.865,NA,251936,163654,91526,25774,3574,1490,Inside,Yes,Yes,31,6,100,Watamu,Marine National Park,National,Not Reported,Not Reported,Designated,1968,602,91,253815.08,25,253.81508,Pangani,NA,6678758,29128638,0.93611283,0.9714448,0,0.9727086,0.7558849,0.884952,0.75081957,4,99,15443,15475,617,99,15443,15475,4,120,1.698544997,0.235740765,-0.19741907,-0.899226428,1.594106141,1.072940022,1.078516299,-0.093761255,-0.33293387
94,100,30,125,Muthiga 2009,44,"Malindi, Kenya",Kenya,Indian Ocean,-3.2569039,40.14175,fringing,,,,Bleaching,1998,44.36,1997,9,1999,13.95,100,20.28854824,31.44724977,1.859783589,-79.71145176,2005,2,6,0.825,NA,-35.36,-17.68,NA,237195,141146,72209,21484,3948,1510,Inside,Yes,Yes,31,6,100,Mallindi,Marine National Park,National,II: National Park,Not Reported,Designated,1968,602,91,273287.11,25,273.28711,Pangani,NA,6461927,28903061,0.9352138,0.9932046,0.9982233,0.9475786,0.9968184,0.9660789,0.97250634,3,100,15383,15415,5086,100,15383,15415,1,130,1.556400451,0.235740765,-0.196854173,-0.883672826,1.516221602,1.069477892,2.065635953,1.048879471,-0.349037801
95,101,23,119,Miller et al. 2009,43,"Tektite Reef, USVI",USVI,Caribbean,18.3095701,-64.72172,fringing,slope,7.6,18.9,"Bleaching, Disease",2005,24.7,2004,24.44,2005,11.6,100,98.94736842,46.96356275,-25.99190283,-1.052631579,2007,1,2,-6.42,NA,-0.26,-0.26,NA,34265,25534,11312,8571,2300,273,Inside,Yes,Yes,49,2,100,Virgin Islands,National Park,National,V: Protected Seascape,Part,Designated,1956,1098,170,990606.07,162,990.60607,Orinoco,NA,861956,5766758,0.7319773,0.7457689,0,0.9121547,0.5900581,0,0.50479012,4,101,4295,4302,197,101,4295,4302,1,41,-0.400413385,-0.82911514,-0.231793062,-0.310702589,-0.495258109,0.286821841,-0.01699565,-0.201147495,-0.349037801
96,102,27,122,Miller et al. 2009,43,"Newfound Reef, USVI",USVI,Caribbean,18.3483026,-64.66845,fringing,slope,3.7,18.9,"Bleaching, Disease",2005,13.3,2005,9.7,2006,6,100,72.93233083,45.11278195,-27.81954887,-27.06766917,2007,1,1,-3.7,NA,-3.6,-3.6,NA,28973,24317,11312,7590,2814,58.4,Outside,No,No,0,0,0,NA,NA,NA,NA,NA,NA,NA,1098,170,993284.89,162,993.28489,Orinoco,NA,845386,5635627,0.71594463,0.6691333,0,0.9956957,0.6920516,0,0.51883559,4,102,NA,NA,NA,102,NA,NA,NA,NA,-0.451443093,-1.095329117,-0.237854408,-0.308562838,-0.501209964,0.225080637,0.045545563,NA,NA
97,103,25,120,Miller et al. 2009,43,"Haulover Reef, USVI",USVI,Caribbean,18.3517151,-64.67961,fringing,slope,3.7,10.4,"Bleaching, Disease",2005,22.5,2005,17.28,2006,10.3,100,76.8,45.77777778,-31.02222222,-23.2,2007,1,1,-6.98,NA,-5.22,-5.22,NA,29305,24423,11312,7966,3086,279,Inside,Yes,Yes,50,1,100,Virgin Islands,National Park,National,V: Protected Seascape,Part,Designated,1956,1098,170,993958.64,162,993.95864,Orinoco,NA,849313,5636776,0.79058268,0.9102865,0,0.9826178,0.806661,0,0.58888329,4,103,NA,NA,NA,103,NA,NA,NA,NA,-0.448241683,-1.095329117,-0.231623593,-0.308024669,-0.499799407,0.512508936,0.357451688,NA,NA
98,104,26,121,Miller et al. 2009,43,"Mennebeck Reef, USVI",USVI,Caribbean,18.3537781,-64.68218,fringing,slope,3.7,18.9,"Bleaching, Disease",2005,26.7,2004,20.61,2005,9.3,100,77.19101124,34.83146067,-21.17977528,-22.80898876,2007,1,2,-5.655,NA,-6.09,-6.09,NA,29439,24385,11312,7966,3096,204,Inside,Yes,Yes,49,2,100,Virgin Islands,National Park,National,V: Protected Seascape,Part,Designated,1956,1098,170,994251.22,162,994.25122,Orinoco,NA,850226,5635310,0.79058268,0.9102865,0,0.9826178,0.806661,0,0.58888329,4,104,4295,4302,197,104,4295,4302,1,41,-0.446949548,-0.82911514,-0.233741957,-0.307790966,-0.499471462,0.512508936,0.357451688,-0.201147495,-0.349037801
99,105,28,123,Miller et al. 2009,43,"South Fore Reef, USVI",USVI,Caribbean,17.7851677,-64.6076,forereef,slope,3.7,18.9,"Bleaching, Disease",2005,19.8,2005,11.5,2006,4.1,100,58.08080808,20.70707071,-37.37373737,-41.91919192,2007,1,1,-7.4,NA,-8.3,-8.3,NA,27148,19808,11065,8336,2108,1780,Inside,Yes,Yes,45,1,100,Buck Island Reef,National Monument,National,Ia: Strict Nature ReserV: Protected Seascapee,All,Designated,1961,1098,170,931128.51,162,931.12851,Orinoco,NA,802481,7013703,0.33621771,0.8412338,0,0.9824712,0.6109865,0,0.46812163,4,105,4579,4586,56,105,4579,4586,19,240,-0.469041207,-1.095329117,-0.189228061,-0.358211262,-0.516621212,-1.237233326,-0.180271912,-0.23719859,-0.252414213
100,106,22,118,Ledlie et al. 2007,42,"M2, Cousin Island, Seychelles",Seychelles,Indian Ocean,-4.327946,55.66101,rocky,,,,Bleaching,1998,23.65,1994,6.32,1998,1.61,100,26.7230444,6.807610994,-2.845061915,-73.2769556,2005,4,7,-0.67285714,NA,-17.33,-4.3325,NA,0,0,0,0,0,152,Inside,Yes,Yes,23,7,100,Cousin Island,Special Reserve,National,Ia: Strict Nature ReserV: Protected Seascapee,All,Designated,1975,10,2,1586380.3,18,1586.3803,Maningory,NA,NA,NA,0.62076005,0.8614551,0,0.9425965,0,0,0.42043105,4,106,15923,15958,53,106,15923,15958,1,120,-0.730823999,0.501954741,-0.23521069,0.165181809,NA,-0.14147157,-0.392626978,-0.237965634,-0.349037801
101,107,21,117,Ledlie et al. 2007,42,"M1 Cousin Island, Seychelles",Seychelles,Indian Ocean,-4.3322049,55.65729,fringing,,,,Bleaching,1998,49.91,1994,17.71,1998,1.11,100,35.48387097,2.224003206,-4.75140968,-64.51612903,2005,4,7,-2.37142857,NA,-32.2,-8.05,NA,0,0,0,0,0,319,Outside,No,No,0,0,0,NA,NA,NA,NA,NA,NA,NA,10,2,1585776.87,18,1585.77687,Maningory,NA,NA,NA,0.62076005,0.8614551,0,0.9425965,0,0,0.42043105,4,107,15923,15958,53,107,15923,15958,1,120,-0.730823999,0.501954741,-0.230493798,0.16469981,NA,-0.14147157,-0.392626978,-0.237965634,-0.349037801
102,108,18,114,"Graham et al 2015, Wilson et al 2012",41,"Praslin SW Carbonate, Seychelles",Seychelles,Indian Ocean,-4.3543165,55.71224,fringing,,,,Bleaching,1998,42.64,1994,1.65,2005,1.16,100,3.869606004,2.720450281,-0.191525954,-96.130394,2011,11,6,-0.08166667,NA,18.3,-40.99,NA,0,0,0,0,0,1790,Outside,No,No,0,0,0,NA,NA,NA,NA,NA,NA,NA,10,2,1586110.86,18,1586.11086,Maningory,NA,NA,NA,0.61583413,0.8758151,0,0.9587882,0,0,0.42487423,4,108,15923,15958,53,108,15923,15958,1,120,-0.730823999,0.235740765,-0.188945612,0.16496659,NA,-0.160441101,-0.372842531,-0.237965634,-0.349037801
103,109,5,102,"Graham et al 2015, Wilson et al 2012",41,"Mahe W Patch, Seychelles",Seychelles,Indian Ocean,-4.6892788,55.43686,patch,flat,,,Bleaching,1998,20,1994,30.78,2005,48.24,100,153.9,241.2,14.55,53.9,2011,11,6,2.91,NA,10.78,10.78,NA,0,0,0,0,0,1400,Outside,No,No,0,0,0,NA,NA,NA,NA,NA,NA,NA,10,2,1539444.26,18,1539.44427,Maningory,NA,NA,NA,0.93390272,0.9527072,0.9982233,0.9672137,0,0,0.66789523,3,109,16091,16126,194,109,16091,16126,1,16,-0.730823999,0.235740765,-0.199961107,0.127690881,NA,1.064428972,0.70927349,-0.20191454,-0.349037801
104,110,222,98,"Graham et al 2015, Wilson et al 2012",41,"Mahe NW Granitic, Seychelles",Seychelles,Indian Ocean,-4.5591295,55.43642,rocky,,,,Bleaching,1998,10.91,1994,10.58,2005,18.84,100,96.97525206,172.6856095,12.61839291,-3.024747938,2011,11,6,1.37666667,NA,6.771429,-0.33,NA,0,0,0,0,0,279,Outside,No,No,0,0,0,NA,NA,NA,NA,NA,NA,NA,10,2,1552609.98,18,1552.60998,Maningory,NA,NA,NA,0.98258133,0.9407099,0.9982233,0.9421203,0,0,0.66990444,3,110,16044,16079,357,110,16044,16079,6,8,-0.730823999,0.235740765,-0.231623593,0.138207215,NA,1.251888453,0.718220035,-0.160238451,-0.322197916
105,111,223,99,"Graham et al 2015, Wilson et al 2012",41,"Mahe NW Patch, Seychelles",Seychelles,Indian Ocean,-4.6131955,55.41618,patch,flat,,,Bleaching,1998,18.69,1994,16.24,2005,22.78,100,86.89138577,121.8833601,5.83199572,-13.10861423,2011,11,6,1.09,NA,2.181818,-2.45,NA,0,0,0,0,0,121,Outside,No,No,0,0,0,NA,NA,NA,NA,NA,NA,NA,10,2,1546200.78,18,1546.20078,Maningory,NA,NA,NA,0.97915379,0.9693201,0.9982233,0.9776907,0,0,0.68043822,3,111,16044,16079,357,111,16044,16079,6,8,-0.730823999,0.235740765,-0.23608628,0.133087762,NA,1.238689126,0.765124508,-0.160238451,-0.322197916
106,112,4,101,"Graham et al 2015, Wilson et al 2012",41,"Mahe W Granitic, Seychelles",Seychelles,Indian Ocean,-4.6585687,55.36219,rocky,,,,Bleaching,1998,19,1994,15.54,2005,32.23,100,81.78947368,169.6315789,14.64035088,-18.21052632,2011,11,6,2.78166667,NA,-3.46,-3.46,NA,0,0,0,0,0,101,Outside,No,No,0,0,0,NA,NA,NA,NA,NA,NA,NA,10,2,1539130.69,18,1539.13069,Maningory,NA,NA,NA,0.95607874,0.8860722,0,0.9824346,0,0,0.4897467,4,112,16091,16126,194,112,16091,16126,1,16,-0.730823999,0.235740765,-0.236651177,0.127440412,NA,1.149827984,-0.083980502,-0.20191454,-0.349037801
107,113,16,112,"Graham et al 2015, Wilson et al 2012",41,"Mahe E Granitic, Seychelles",Seychelles,Indian Ocean,-4.7344459,55.52939,rocky,,,,Bleaching,1998,9.75,1994,6.77,2005,0.99,100,69.43589744,10.15384615,-9.88034188,-30.56410256,2011,11,6,-0.96333333,NA,-5.9,-2.98,NA,0,0,0,0,0,176,Outside,No,No,0,0,0,NA,NA,NA,NA,NA,NA,NA,10,2,1539184.34,18,1539.18434,Maningory,NA,NA,NA,0.88979416,0.9519379,0,0.9318631,0,0,0.48090561,2,113,16144,16179,682,113,16144,16179,1,29,-0.730823999,0.235740765,-0.234532813,0.127483265,NA,0.894568581,-0.123347821,-0.077141956,-0.349037801
108,114,220,96,"Graham et al 2015, Wilson et al 2012",41,"Mahe E Patch, Seychelles",Seychelles,Indian Ocean,-4.7036613,55.53085,patch,flat,,,Bleaching,1998,20.98,1994,7.42,2005,13.8,100,35.36701621,65.77693041,5.068319034,-64.63298379,2011,11,6,1.06333333,NA,-8.818182,-13.56,NA,0,0,0,0,0,889,Outside,No,No,0,0,0,NA,NA,NA,NA,NA,NA,NA,10,2,1542359.33,18,1542.35933,Maningory,NA,NA,NA,0.88979416,0.9519379,0,0.9318631,0,0,0.48090561,2,114,16092,16127,16,114,16092,16127,1,77,-0.730823999,0.235740765,-0.214394229,0.130019341,NA,0.894568581,-0.123347821,-0.247425851,-0.349037801
109,115,6,103,"Graham et al 2015, Wilson et al 2012",41,"Praslin NE Granitic, Seychelles",Seychelles,Indian Ocean,-4.289467,55.70383,rocky,,,,Bleaching,1998,16.36,1994,3.64,2005,23.97,100,22.24938875,146.5158924,20.71108394,-77.75061125,2011,11,6,3.38833333,NA,-12.72,-12.72,NA,0,0,0,0,0,87.6,Inside,Yes,Yes,26,6,100,Curieuse,Marine National Park,National,II: National Park,All,Designated,1979,10,2,1592263.36,18,1592.26336,Maningory,NA,NA,NA,0.58524845,0.8568027,0,0.9725804,0,0,0.41866596,4,115,NA,NA,NA,115,NA,NA,NA,NA,-0.730823999,0.235740765,-0.237029658,0.169881,NA,-0.278225394,-0.400486514,NA,NA
110,116,221,97,"Graham et al 2015, Wilson et al 2012",41,"Mahe NW Carbonate, Seychelles",Seychelles,Indian Ocean,-4.6375583,55.37413,fringing,,,,Bleaching,1998,39.17,1994,11.4,2005,27.77,100,29.10390605,70.89609395,6.96536465,-70.89609395,2011,11,6,2.72833333,NA,-12.831707,-27.77,NA,0,0,0,0,0,262,Inside,Yes,Yes,26,6,100,Baie Ternay,Marine National Park,National,II: National Park,All,Designated,1979,10,2,1541807.44,18,1541.80743,Maningory,NA,NA,NA,0.97915379,0.9433292,0,0.9708404,0,0,0.50166493,1,116,16044,16079,357,116,16044,16079,6,8,-0.730823999,0.235740765,-0.232103755,0.129578509,NA,1.238689126,-0.030911394,-0.160238451,-0.322197916
111,117,8,105,"Graham et al 2015, Wilson et al 2012",41,"Praslin SW Granitic, Seychelles",Seychelles,Indian Ocean,-4.3157506,55.68186,rocky,,,,Bleaching,1998,17.36,1994,3.64,2005,17.36,100,20.96774194,100,13.17204301,-79.03225806,2011,11,6,2.28666667,NA,-13.72,-13.72,NA,0,0,0,0,0,262,Outside,No,No,0,0,0,NA,NA,NA,NA,NA,NA,NA,10,2,1588583.31,18,1588.58331,Maningory,NA,NA,NA,0.62076005,0.8614551,0,0.9425965,0,0,0.42043105,4,117,15923,15958,53,117,15923,15958,1,120,-0.730823999,0.235740765,-0.232103755,0.1669415,NA,-0.14147157,-0.392626978,-0.237965634,-0.349037801
112,118,19,115,"Graham et al 2015, Wilson et al 2012",41,"Praslin SW Patch, Seychelles",Seychelles,Indian Ocean,-4.3370353,55.6979,patch,flat,,,Bleaching,1998,18.04,1994,3.02,2005,5.31,100,16.7405765,29.4345898,2.115668884,-83.2594235,2011,11,6,0.38166667,NA,-17.2,-15.02,NA,0,0,0,0,0,1100,Outside,No,No,0,0,0,NA,NA,NA,NA,NA,NA,NA,10,2,1587182.91,18,1587.18291,Maningory,NA,NA,NA,0.62076005,0.8614551,0,0.9425965,0,0,0.42043105,4,118,15923,15958,53,118,15923,15958,1,120,-0.730823999,0.235740765,-0.208434564,0.165822907,NA,-0.14147157,-0.392626978,-0.237965634,-0.349037801
113,119,3,100,"Graham et al 2015, Wilson et al 2012",41,"Mahe W Carbonate, Seychelles",Seychelles,Indian Ocean,-4.6683417,55.40038,fringing,,,,Bleaching,1998,34.88,1994,16.36,2005,25.12,100,46.90366972,72.01834862,4.185779817,-53.09633028,2011,11,6,1.46,NA,-18.52,-18.52,NA,0,0,0,0,0,88.5,Outside,No,No,0,0,0,NA,NA,NA,NA,NA,NA,NA,10,2,1539886.22,18,1539.88622,Maningory,NA,NA,NA,0.93390272,0.9527072,0.9982233,0.9672137,0,0,0.66789523,3,119,NA,NA,NA,119,NA,NA,NA,NA,-0.730823999,0.235740765,-0.237004238,0.128043904,NA,1.064428972,0.70927349,NA,NA
114,120,7,104,"Graham et al 2015, Wilson et al 2012",41,"Praslin NE Patch, Seychelles",Seychelles,Indian Ocean,-4.3043903,55.74493,patch,flat,,,Bleaching,1998,26.69,1994,6.12,2005,12.16,100,22.92993631,45.56013488,3.771699763,-77.07006369,2011,11,6,1.00666667,NA,-20.57,-20.57,NA,0,0,0,0,0,736,Inside,Yes,Yes,26,6,100,Curieuse,Marine National Park,National,II: National Park,All,Designated,1979,10,2,1592681.7,18,1592.6817,Maningory,NA,NA,NA,0.61583413,0.8821709,0,0.9595575,0,0,0.42610962,4,120,15924,15959,2334,120,15924,15959,1,123,-0.730823999,0.235740765,-0.218715693,0.170215156,NA,-0.160441101,-0.367341626,0.34524392,-0.349037801
115,121,12,109,"Graham et al 2015, Wilson et al 2012",41,"Cousin Granitic , Seychelles",Seychelles,Indian Ocean,-4.331547,55.66661,rocky,,,,Bleaching,1998,23.47,1994,0.99,2005,3.14,100,4.218150831,13.37878142,1.526771765,-95.78184917,2011,11,6,0.35833333,NA,-22.48,-22.48,NA,0,0,0,0,0,66.6,Inside,Yes,Yes,30,6,100,Cousin Island,Special Reserve,National,Ia: Strict Nature ReserV: Protected Seascapee,All,Designated,1975,10,2,1586276.85,18,1586.27686,Maningory,NA,NA,NA,0.62076005,0.8614551,0,0.9425965,0,0,0.42043105,4,121,15923,15958,53,121,15923,15958,1,120,-0.730823999,0.235740765,-0.2376228,0.165099177,NA,-0.14147157,-0.392626978,-0.237965634,-0.349037801
116,122,9,106,"Graham et al 2015, Wilson et al 2012",41,"Ste. Anne Granitic, Seychelles",Seychelles,Indian Ocean,-4.6067907,55.51412,rocky,,,,Bleaching,1998,39.67,1994,13.55,2005,20.5,100,34.15679355,51.67632972,2.919922696,-65.84320645,2011,11,6,1.15833333,NA,-26.12,-26.12,NA,0,0,0,0,0,284,Inside,Yes,Yes,32,6,100,Ste. Anne,Marine National Park,National,II: National Park,All,Designated,1973,10,2,1551365.54,18,1551.36554,Maningory,NA,NA,NA,0.9550486,0.9577808,0.9982233,0.9404535,0,0,0.66780148,3,122,16045,16080,237,122,16045,16080,7,10,-0.730823999,0.235740765,-0.231482368,0.137213198,NA,1.145860954,0.708856043,-0.190920234,-0.316829938
117,123,20,116,"Graham et al 2015, Wilson et al 2012",41,"Ste. Anne Carbonate, Seychelles",Seychelles,Indian Ocean,-4.6123528,55.49402,fringing,,,,Bleaching,1998,41.16,1994,10.41,2005,15.87,100,25.29154519,38.55685131,2.210884354,-74.70845481,2011,11,6,0.91,NA,-27.607692,-30.75,NA,0,0,0,0,0,264,Inside,Yes,Yes,32,6,100,Ste. Anne,Marine National Park,National,II: National Park,All,Designated,1973,10,2,1549871.28,18,1549.87128,Maningory,NA,NA,NA,0.96295256,0.9781303,0.9982233,0.9351235,0,0,0.6717761,3,123,16045,16080,237,123,16045,16080,7,10,-0.730823999,0.235740765,-0.232047265,0.136019633,NA,1.176298804,0.726554102,-0.190920234,-0.316829938
118,124,17,113,"Graham et al 2015, Wilson et al 2012",41,"Praslin NE Carbonate, Seychelles",Seychelles,Indian Ocean,-4.3170627,55.75892,fringing,,,,Bleaching,1998,28.76,1994,1.65,2005,1.98,100,5.73713491,6.884561892,0.19123783,-94.26286509,2011,11,6,0.055,NA,-28.2,-27.11,NA,0,0,0,0,0,209,Outside,No,No,0,0,0,NA,NA,NA,NA,NA,NA,NA,10,2,1592061.39,18,1592.06139,Maningory,NA,NA,NA,0.61103931,0.8696608,0,0.9572862,0,0,0.42271537,4,124,15924,15959,2334,124,15924,15959,1,123,-0.730823999,0.235740765,-0.233600733,0.169719673,NA,-0.178905771,-0.382455432,0.34524392,-0.349037801
119,125,15,111,"Graham et al 2015, Wilson et al 2012",41,"Mahe E Carbonate, Seychelles",Seychelles,Indian Ocean,-4.7080691,55.53079,fringing,,,,Bleaching,1998,29.59,1994,2.15,2005,2.81,100,7.265968233,9.496451504,0.371747212,-92.73403177,2011,11,6,0.11,NA,-28.5,-27.44,NA,0,0,0,0,0,861,Outside,No,No,0,0,0,NA,NA,NA,NA,NA,NA,NA,10,2,1541911.68,18,1541.91168,Maningory,NA,NA,NA,0.88979416,0.9519379,0,0.9318631,0,0,0.48090561,2,125,16092,16127,16,125,16092,16127,1,77,-0.730823999,0.235740765,-0.215185085,0.129661773,NA,0.894568581,-0.123347821,-0.247425851,-0.349037801
120,126,14,110,"Graham et al 2015, Wilson et al 2012",41,"Cousin Patch, Seychelles",Seychelles,Indian Ocean,-4.3334146,55.6591,patch,flat,,,Bleaching,1998,39.92,1994,2.69,2005,4.97,100,6.738476954,12.4498998,0.951903808,-93.26152305,2011,11,6,0.38,NA,-38.5,-37.23,NA,0,0,0,0,0,131,Inside,Yes,Yes,30,6,100,Cousin Island,Special Reserve,National,Ia: Strict Nature ReserV: Protected Seascapee,All,Designated,1975,10,2,1585738.72,18,1585.73871,Maningory,NA,NA,NA,0.62076005,0.8614551,0,0.9425965,0,0,0.42043105,4,126,15923,15958,53,126,15923,15958,1,120,-0.730823999,0.235740765,-0.235803832,0.164669337,NA,-0.14147157,-0.392626978,-0.237965634,-0.349037801
121,127,10,107,"Graham et al 2015, Wilson et al 2012",41,"Ste Anne Patch, Seychelles",Seychelles,Indian Ocean,-4.6193224,55.50649,patch,flat,,,Bleaching,1998,56.08,1994,9.22,2005,20.65,100,16.44079886,36.82239658,3.396932953,-83.55920114,2011,11,6,1.905,NA,-46.86,-46.86,NA,0,0,0,0,0,279,Inside,Yes,Yes,32,6,100,Ste. Anne,Marine National Park,National,II: National Park,All,Designated,1973,10,2,1549744.33,18,1549.74433,Maningory,NA,NA,NA,0.9550486,0.9577808,0.9982233,0.9404535,0,0,0.66780148,3,127,16045,16080,237,127,16045,16080,7,10,-0.730823999,0.235740765,-0.231623593,0.13591823,NA,1.145860954,0.708856043,-0.190920234,-0.316829938
122,128,11,108,"Graham et al 2015, Wilson et al 2012",41,"Cousin Carbonate, Seychelles",Seychelles,Indian Ocean,-4.3285571,55.66096,fringing,,,,Bleaching,1998,50.74,1994,1.49,2005,1.32,100,2.93653922,2.601497832,-0.055840231,-97.06346078,2011,11,6,-0.02833333,NA,-49.25,-49.25,NA,0,0,0,0,0,101,Inside,Yes,Yes,30,6,100,Cousin Island,Special Reserve,National,Ia: Strict Nature ReserV: Protected Seascapee,All,Designated,1975,10,2,1586316.28,18,1586.31628,Maningory,NA,NA,NA,0.62076005,0.8614551,0,0.9425965,0,0,0.42043105,4,128,15923,15958,53,128,15923,15958,1,120,-0.730823999,0.235740765,-0.236651177,0.165130672,NA,-0.14147157,-0.392626978,-0.237965634,-0.349037801
123,129,219,95,Done et al. 2007,40,"Pandora, GBR",Australia,W. Pacific,-18.8116666,146.44333,patch,back reef,,,Bleaching,1998,53.33,1998,45.56,2000,49.7,100,85.4303394,93.19332458,1.552597037,-14.5696606,2005,2,5,0.828,0.59,-7.77,-3.885,412,181487,119982,53782,7504,0,0,Inside,No,No,0,1,20,Great Barrier Reef,Marine Park,National,II: National Park,All,Designated,2004,1329,194,692171.28,23,692.17128,Fitzroy,NA,2667469,7945496,0.78470154,0,0,0.7154553,0.8293181,0.7594937,0.50355481,5,129,24803,24854,11,129,24803,24854,58,149,1.01921923,-0.030473212,-0.239503908,-0.549082253,0.15327253,0.489860889,-0.022496198,-0.248704258,-0.043063105
125,138,209,86,Rodgers and Miller 2006,36,"St. John, US Virgin Islands, Lameshur Reef",USVI,Caribbean,18.3143694,-64.72565,fringing,flat,13.7,15,Storm,1989,23.2,1989,12.7,1989,12,100,54.74137931,51.72413793,-3.6206898,-45.25862069,1990,0.8333333,0.8333333,1.1,0,-10.5,-12.6,55,34645,25568,11312,8760,2354,1.22,Inside,Yes,Yes,33,1,100,Virgin Islands,National Park,National,V: Protected Seascape,Part,Designated,1956,1098,170,991231.84,162,991.23184,Orinoco,NA,863347,5755614,0.7319773,0.7457689,0,0.9121547,0.5900581,0,0.50479012,4,138,4295,4302,197,138,4295,4302,1,41,-0.39674912,-1.139698122,-0.239469449,-0.310202745,-0.494758469,0.286821841,-0.01699565,-0.201147495,-0.349037801
126,150,197,75,Muhando & Lanshammar 2008,31,"Changuu, Zanzibar, Tanzania, all hard corals",Tanzania,Indian Ocean,-6.1189999,39.167,barrier,,3,10,COTS,"1996/97, 2002-2008",69.7,1992,50.7,1997,48,100,72.74031564,68.86657102,-0.352158602,-27.25968436,2008,5,11,-0.24545454,0,-19,-3.8,279,310761,152049,55147,19318,3077,0,Outside,No,No,0,0,0,NA,NA,NA,NA,NA,NA,NA,602,91,80336.88,25,80.33688,Pangani,NA,7312943,28604080,0.98803169,0.9985347,0.9982233,0.9451791,0.7570435,0.8528182,0.92807824,2,150,17278,17317,875,150,17278,17317,15,20,2.265782832,1.566810646,-0.239503908,-1.037794975,1.82190201,1.272877582,1.867807951,-0.027795422,-0.273886121
127,151,195,73,Muhando & Lanshammar 2008,31,"Chumbe, Zanzibar, Tanzania, all hard corals",Tanzania,Indian Ocean,-6.2789999,39.177,barrier,,,,COTS,2002-2008,47.9,1994,23.2,1998,64.7,100,48.434238,135.0730689,8.66388309,-51.565762,2008,4,10,4.15,4.15,-24.7,-6.175,278,319833,183849,72348,12391,956,0,Outside,No,No,0,0,0,NA,NA,NA,NA,NA,NA,NA,602,91,97895.64,25,97.89564,Pangani,NA,7297525,28545760,0.98861231,0.9721774,0,0.8794784,0.7310026,0.8575166,0.73586799,1,151,17380,17419,418,151,17380,17419,24,41,2.353262332,1.30059667,-0.239503908,-1.023769628,1.816363947,1.275113528,1.011940389,-0.144641879,-0.225574327
130,155,190,69,Crabbe 2009,28,"Discovery Bay, Jamaica",Jamaica,Caribbean,18.4703904,-77.41167,barrier,,5,8.5,Bleaching,2006,46,2005,13,2006,31,100,28.26086957,67.39130435,19.56521739,-71.73913043,2008,1,2,9,9,-33,-33,60,358658,290691,132641,34092,7182,1050,Inside,No,No,0,0,0,Discovery Bay Fish,Fish Sanctuary,National,IV: Protected Seascape: Habitat / Species Management Area,Not Reported,Designated,2009,478,73,721808.28,207,721.80828,Coco,NA,3039647,10169768,0.77273323,0.8832149,0.9997436,0.9559125,0.8970686,0.8164465,0.88876029,3,155,4192,4199,102,155,4192,4199,48,89,2.727644125,-0.82911514,-0.209846807,-0.525409215,0.286956882,0.443771381,1.69273426,-0.22543724,-0.096742877
135,176,165,46,Edmunds 2002,18,"St. John, USVI, Site 9",USVI,Caribbean,18.3171334,-64.72778,fringing,slope,7,7,Storm,1996,2.2,1995,4.07,1996,3.19,100,185,145,-20,85,1998,1,2,-0.44,NA,1.87,1.87,NA,34959,25610,11312,8802,2354,166,Inside,Yes,Yes,40,2,100,Virgin Islands,National Park,National,V: Protected Seascape,Part,Designated,1956,1098,170,991588.44,162,991.58844,Orinoco,NA,864131,5752192,0.7319773,0.7457689,0,0.9121547,0.5900581,0,0.50479012,4,176,NA,NA,NA,176,NA,NA,NA,NA,-0.39372128,-0.82911514,-0.234815262,-0.309917905,-0.49447686,0.286821841,-0.01699565,NA,NA
136,177,161,42,Edmunds 2002,18,"St. John, US Virgin Islands Tektite Reef",USVI,Caribbean,18.3097001,-64.72285,fringing,slope,14,14,Storm,1989,36.6,1989,37.87,1989,40.3,100,103.4699454,110.1092896,1.327868852,3.469945355,1994,0,5,0.486,NA,1.27,NA,NA,34265,25534,11312,8575,2300,316,Inside,Yes,Yes,33,5,100,Virgin Islands,National Park,National,V: Protected Seascape,Part,Designated,1956,1098,170,990651.9,162,990.6519,Orinoco,NA,862240,5766947,0.7319773,0.7457689,0,0.9121547,0.5900581,0,0.50479012,4,177,4295,4302,197,177,4295,4302,1,41,-0.400413385,-0.030473212,-0.230578533,-0.310665982,-0.495156098,0.286821841,-0.01699565,-0.201147495,-0.349037801
137,178,166,47,Edmunds 2002,18,"St. John, USVI, Site 11",USVI,Caribbean,18.3162668,-64.72972,fringing,slope,9,9,Storm,1996,0.71,1995,1.26,1996,3.95,100,177.4647887,556.3380282,189.4366197,77.46478873,1998,1,2,1.345,NA,0.55,0.55,NA,35075,25686,11312,8809,2354,16,Inside,Yes,Yes,40,2,100,Virgin Islands,National Park,National,V: Protected Seascape,Part,Designated,1956,1098,170,991550,162,991.55,Orinoco,NA,864735,5754488,0.7319773,0.7457689,0,0.9121547,0.5900581,0,0.50479012,4,178,NA,NA,NA,178,NA,NA,NA,NA,-0.392602715,-0.82911514,-0.23905199,-0.30994861,-0.494259907,0.286821841,-0.01699565,NA,NA
138,179,162,43,Edmunds 2002,18,"St. John, USVI, Site 2",USVI,Caribbean,18.3067334,-64.7218,fringing,slope,9,9,Storm,1996,6.77,1995,6.16,1996,8.5,100,90.98966027,125.5539143,17.28212703,-9.010339734,1998,1,2,1.17,NA,-0.61,-0.61,NA,34265,25534,11312,8533,2300,555,Inside,Yes,Yes,40,2,100,Virgin Islands,National Park,National,V: Protected Seascape,Part,Designated,1956,1098,170,990304.02,162,990.30402,Orinoco,NA,861858,5771519,0.7319773,0.7457689,0,0.9121547,0.5900581,0,0.50479012,4,179,4295,4302,197,179,4295,4302,1,41,-0.400413385,-0.82911514,-0.223828012,-0.310943857,-0.49529331,0.286821841,-0.01699565,-0.201147495,-0.349037801
139,180,163,44,Edmunds 2002,18,"St. John, USVI, Site 5",USVI,Caribbean,18.3126668,-64.72305,fringing,slope,9,9,Storm,1996,2.26,1995,1.06,1996,1.37,100,46.90265487,60.61946903,6.85840708,-53.09734513,1998,1,2,0.155,NA,-1.2,-1.2,NA,34265,25534,11312,8718,2336,35.5,Inside,Yes,Yes,40,2,100,Virgin Islands,National Park,National,V: Protected Seascape,Part,Designated,1956,1098,170,990975.84,162,990.97584,Orinoco,NA,862362,5761652,0.7319773,0.7457689,0,0.9121547,0.5900581,0,0.50479012,4,180,4295,4302,197,180,4295,4302,1,41,-0.400413385,-0.82911514,-0.238501215,-0.310407229,-0.495112276,0.286821841,-0.01699565,-0.201147495,-0.349037801
140,181,167,48,Edmunds 2002,18,"St. John, USVI, Site 15",USVI,Caribbean,18.3151668,-64.73278,fringing,slope,9,9,Storm,1996,4.47,1995,2.54,1996,3.3,100,56.82326622,73.82550336,8.501118568,-43.17673378,1998,1,2,0.38,NA,-1.93,-1.93,NA,35191,25796,11312,8913,2354,277,Inside,Yes,Yes,40,2,100,Virgin Islands,National Park,National,V: Protected Seascape,Part,Designated,1956,1098,170,991518.6,162,991.5186,Orinoco,NA,865502,5758548,0.7319773,0.7457689,0,0.9121547,0.5900581,0,0.50479012,4,181,NA,NA,NA,181,NA,NA,NA,NA,-0.39148415,-0.82911514,-0.231680082,-0.309973691,-0.493984405,0.286821841,-0.01699565,NA,NA
141,182,164,45,Edmunds 2002,18,"St. John, USVI, Site 6",USVI,Caribbean,18.3113668,-64.7228,fringing,slope,9,9,Storm,1996,8.34,1995,4.36,1996,6.66,100,52.27817746,79.85611511,13.78896882,-47.72182254,1998,1,2,1.15,NA,-3.98,-3.98,NA,34265,25534,11312,8655,2300,150,Inside,Yes,Yes,40,2,100,Virgin Islands,National Park,National,V: Protected Seascape,Part,Designated,1956,1098,170,990829.31,162,990.82931,Orinoco,NA,862242,5763923,0.7319773,0.7457689,0,0.9121547,0.5900581,0,0.50479012,4,182,4295,4302,197,182,4295,4302,1,41,-0.400413385,-0.82911514,-0.235267179,-0.310524273,-0.495155379,0.286821841,-0.01699565,-0.201147495,-0.349037801
142,183,160,41,Edmunds 2002,18,"St. John, US Virgin Islands Yawzi Point",USVI,Caribbean,18.3152001,-64.725,fringing,slope,9,9,Storm,1989,45.45,1989,32.52,1989,35.87,100,71.55115512,78.92189219,1.474147415,-28.44884488,1994,0,5,0.67,0.67,-12.93,NA,55,34415,25568,11312,8760,2354,115,Inside,Yes,Yes,33,5,100,Virgin Islands,National Park,National,V: Protected Seascape,Part,Designated,1956,1098,170,991302.57,162,991.30257,Orinoco,NA,863104,5753795,0.7319773,0.7457689,0,0.9121547,0.5900581,0,0.50479012,4,183,NA,NA,NA,183,NA,NA,NA,NA,-0.398966964,-0.030473212,-0.236255749,-0.310146248,-0.494845753,0.286821841,-0.01699565,NA,NA
148,189,152,34,Sheppard et al 2008,15,"Northern Atolls, Chagos (20m)",Chagos (20m),Indian Ocean,-5.33,72.08,atoll,slope,20,20,Bleaching,1998,65.4,1978,17.78,2001,26.67,100,27.18654434,40.77981651,2.718654434,-72.81345566,2006,23,5,1.778,1.78,-47.62,-2.0704348,335,0,0,0,0,0,0,Inside,No,No,0,0,0,British Indian Ocean Territory Marine Protected Area (Chagos),Marine Protected Area,National,Not Reported,All,Designated,2010,1379,204,1778155.31,145,1778.15531,NA,NA,NA,NA,NA,NA,NA,NA,NA,NA,NA,NA,189,NA,NA,NA,189,NA,NA,NA,NA,-0.730823999,-0.030473212,-0.239503908,0.318365231,NA,NA,NA,NA,NA
149,190,150,32,Sheppard et al 2008,15,"Northern Atolls, Chagos (5m)",Chagos (5m),Indian Ocean,-5.33,72.08,atoll,slope,5,5,Bleaching,1998,65.4,1978,12.97,2001,34.92,100,19.83180428,53.39449541,6.712538226,-80.16819572,2006,23,5,4.39,4.39,-52.43,-2.2795652,335,0,0,0,0,0,0,Inside,No,No,0,0,0,British Indian Ocean Territory Marine Protected Area (Chagos),Marine Protected Area,National,Not Reported,All,Designated,2010,1379,204,1778155.31,145,1778.15531,NA,NA,NA,NA,NA,NA,NA,NA,NA,NA,NA,NA,190,NA,NA,NA,190,NA,NA,NA,NA,-0.730823999,-0.030473212,-0.239503908,0.318365231,NA,NA,NA,NA,NA
150,191,151,33,Sheppard et al 2008,15,"Northern Atolls, Chagos (10m)",Chagos (10m),Indian Ocean,-5.33,72.08,atoll,slope,8,10,Bleaching,1998,65.4,1978,10.16,2001,30,100,15.5351682,45.87155963,6.067278287,-84.4648318,2006,23,5,3.968,3.97,-55.24,-2.4017391,335,0,0,0,0,0,0,Inside,No,No,0,0,0,British Indian Ocean Territory Marine Protected Area (Chagos),Marine Protected Area,National,Not Reported,All,Designated,2010,1379,204,1778155.31,145,1778.15531,NA,NA,NA,NA,NA,NA,NA,NA,NA,NA,NA,NA,191,NA,NA,NA,191,NA,NA,NA,NA,-0.730823999,-0.030473212,-0.239503908,0.318365231,NA,NA,NA,NA,NA
151,192,153,35,Sheppard et al 2008,15,"Northern Atolls, Chagos (25m)",Chagos (25m),Indian Ocean,-5.33,72.08,atoll,slope,25,25,Bleaching,1998,80,1978,24.13,2001,28.57,100,30.1625,35.7125,1.11,-69.8375,2006,23,5,0.888,0.89,-55.87,-2.4291304,335,0,0,0,0,0,0,Inside,No,No,0,0,0,British Indian Ocean Territory Marine Protected Area (Chagos),Marine Protected Area,National,Not Reported,All,Designated,2010,1379,204,1778155.31,145,1778.15531,NA,NA,NA,NA,NA,NA,NA,NA,NA,NA,NA,NA,192,NA,NA,NA,192,NA,NA,NA,NA,-0.730823999,-0.030473212,-0.239503908,0.318365231,NA,NA,NA,NA,NA
155,196,144,27,Connell et al. 1997,13,"Heron Island, GBR exposed crest 1962-1971",Australia,W. Pacific,-23.4419999,151.914,barrier,crest,0.5,0.5,Storm,1967,75.4,1966,50.37,1967,70.4,100,66.80371353,93.36870027,6.641246684,-33.19628647,1971,1,4,5.0075,5.01,-25.03,-25.03,357,57921,3030,8,4,0,0,Inside,Yes,No,0,0,0,Great Barrier Reef,World Heritage Site (natural or mixed),International,Not Applicable,Not Reported,Inscribed,1981,1329,194,112564.5,23,112.5645,Fitzroy,NA,3327976,9927048,0.4167369,0.3105173,0,0.9980951,0,0,0.2991533,4,196,NA,NA,NA,196,NA,NA,NA,NA,-0.172303257,-0.296687188,-0.239503908,-1.012052637,0.390523121,-0.92715698,-0.932648607,NA,NA
156,197,143,26,Connell et al. 1997,13,"Heron Island, GBR exposed pools",Australia,W. Pacific,-23.4419999,151.914,barrier,slope,1,1,Storm,1967,57.6,1966,0.1,1967,83.03,100,0.173611111,144.1493056,7.577668129,-99.82638889,1986,1,19,4.36473684,4.36,-57.5,-57.5,357,57921,3030,8,4,0,0,Inside,Yes,No,0,5,26.31579,Great Barrier Reef,World Heritage Site (natural or mixed),International,Not Applicable,Not Reported,Inscribed,1981,1329,194,112564.5,23,112.5645,Fitzroy,NA,3327976,9927048,0.4167369,0.3105173,0,0.9980951,0,0,0.2991533,4,197,NA,NA,NA,197,NA,NA,NA,NA,-0.172303257,3.696522457,-0.239503908,-1.012052637,0.390523121,-0.92715698,-0.932648607,NA,NA
157,198,145,28,Connell et al. 1997,13,"Heron Island, GBR exposed crest 1971-1992",Australia,W. Pacific,-23.4419999,151.914,barrier,crest,0.5,0.5,Storm,1972,70.4,1971,0.07,1972,20.2,100,0.099431818,28.69318182,1.4296875,-99.90056818,1992,1,20,1.0065,1.01,-70.33,-70.33,357,57921,3030,8,4,0,0,Inside,Yes,No,0,11,55,Great Barrier Reef,World Heritage Site (natural or mixed),International,Not Applicable,Not Reported,Inscribed,1981,1329,194,112564.5,23,112.5645,Fitzroy,NA,3327976,9927048,0.4167369,0.3105173,0,0.9980951,0,0,0.2991533,4,198,NA,NA,NA,198,NA,NA,NA,NA,-0.172303257,3.962736433,-0.239503908,-1.012052637,0.390523121,-0.92715698,-0.932648607,NA,NA
168,209,57,15,"Dollar & Tribble, 1993",9,Hawai'i west coast,Hawaii,E. Pacific,19.5063372,-156.0023,fringing,mixed,3,40,Storm,1980,45.8,1974,10.5,1980,15,100,22.92576419,32.7510917,0.818777293,-77.07423581,1992,6,12,0.375,0.38,-35.3,-5.8833333,60,167363,109293,54639,17931,1955,4900,Outside,No,No,0,0,0,NA,NA,NA,NA,NA,NA,NA,368,60,3916836.33,251,3916.83633,San Joaquin,NA,402625,405271,0.54690866,0.8458129,0,0,0.9176291,0.9074862,0.52113471,5,209,NA,NA,NA,209,NA,NA,NA,NA,0.883024293,1.833024623,-0.101104104,2.026671633,-0.660247354,-0.425870471,0.05578301,NA,NA
169,210,35,13,"Brown & Suharsono, 1990",8,"Pulau Pari Islands, Indonesia (Pari)",Indonesia ,W. Pacific,-5.863213,106.61598,fringing,flat,0.5,3,Bleaching,1982-1983,22.17,1981,3.61,1983,14.12,100,16.28326567,63.68967073,9.48128101,-83.71673433,1988,2,5,2.102,2.1,-18.56,-9.28,552,406665,249379,92646,5019,72,16000,Outside,No,No,0,0,0,NA,NA,NA,NA,NA,NA,NA,321,54,712275.38,123,712.27538,Indragi,NA,4855019,14204334,0.9907475,0.7518683,0,0.9889736,0.8342835,0.9899397,0.75314042,1,210,17075,17114,1469,210,17075,17114,75,122,3.190566126,-0.030473212,0.212413818,-0.533023775,0.93902882,1.283336064,1.088850505,0.124079402,0.048192506
170,211,46,14,"Brown & Suharsono, 1990",8,"Pulau Pari Islands, Indonesia (Tikus)",Indonesia,W. Pacific,-5.8632464,106.58243,fringing,flat,0.5,3,Bleaching,1982-1983,25.98,1981,2.17,1983,15.88,100,8.352578907,61.12394149,26.38568129,-91.64742109,1985,2,2,6.855,6.86,-23.81,-11.905,552,408343,245649,89652,5083,86,16000,Outside,No,No,0,0,0,NA,NA,NA,NA,NA,NA,NA,321,54,710384.23,123,710.38423,Indragi,NA,4851206,14187932,0.98971737,0.7535167,0,0.9840648,0.8143299,0.9907873,0.74946897,6,211,17074,17113,1349,211,17074,17113,65,132,3.206746748,-0.82911514,0.212413818,-0.534534361,0.937659211,1.279369072,1.072502391,0.093397619,-0.005487266
172,213,13,11,Smith et al. 2008,6,"Scott Reef System , NW Australia",Australia,Indian Ocean,-14.0666666,121.76667,atoll,slope,9,9,Bleaching,1998,48.24,1998,10.96,1999,19.5,100,22.71973466,40.42288557,2.950525152,-77.28026534,2005,1,6,1.42333333,1.42,-37.28,-37.28,360,0,0,0,0,0,266000,Outside,No,No,0,0,0,NA,NA,NA,NA,NA,NA,NA,491,76,436868.92,22,436.86892,Fitzroy,NA,527408,4454875,0.25663501,0.3105539,0,0,0,0,0.09834324,2,213,22418,22466,0,213,22418,22466,971,1551,-0.730823999,0.235740765,7.273628283,-0.753009183,-0.615425966,-1.543703284,-1.826809124,-0.251516755,4.857900005
176,217,191,7,Adjeroud et al 2009,4,"Tiahura Reef, Moorea",Moorea,E. Pacific,-17.4999999,-149.83333,barrier,slope,12,12,Bleaching,1991,50.94,1991,24.9,1992,51.17,100,48.88103651,100.4515116,4.297539589,-51.11896349,2004,1,12,2.18916667,2.19,-26.04,-26.04,177,26354,24642,17046,3250,3160,0,Outside,No,No,0,0,0,NA,NA,NA,NA,NA,NA,NA,1428,221,3948907.17,4038,3948.90717,Whakatane,NA,35782,42424,0.76544736,0.8981977,0,0.9728735,0.9740878,0.6982293,0.71338043,5,217,NA,NA,NA,217,NA,NA,NA,NA,-0.476697592,1.833024623,-0.239503908,2.05228874,-0.792015403,0.415713772,0.911808512,NA,NA
178,219,158,4,Halford et al. 2004,2,"Lodestone, GBR",Australia,W. Pacific,-18.6894696,147.0718,barrier,slope,6,9,COTS,1983-1984,66,1982,6.86,1985,59.43,100,10.39393939,90.04545455,7.241046832,-89.60606061,1996,3,11,4.77909091,4.78,-59.14,-19.7133333,412,102336,19298,410,0,0,0,Inside,No,Yes,0,0,0,Great Barrier Reef,Marine Park,National,V: Protected SeascapeI: Protected area with sustainable use of natural resources,None,Designated,2004,1329,194,662368,23,662.368,Fitzroy,NA,2442796,8006613,0.67363413,0,0,0.9454172,0,0,0.28072262,4,219,24772,24823,4,219,24772,24823,137,226,0.255981799,1.566810646,-0.239503908,-0.57288811,0.072571186,0.062144507,-1.01471614,-0.250494029,0.381007087
179,220,169,5,Halford et al. 2004,2,"Rib, GBR",Australia,W. Pacific,-18.4810909,146.83813,barrier,slope,6,9,COTS,1983-1984,73.14,1982,12,1985,80,100,16.40689089,109.3792726,8.452034703,-83.59310911,1996,3,11,6.18181818,6.18,-61.14,-20.38,413,105490,23065,1010,0,0,0,Inside,No,Yes,0,0,0,Great Barrier Reef,Marine Park,National,V: Protected SeascapeI: Protected area with sustainable use of natural resources,None,Designated,2004,1329,194,695570.55,23,695.57055,Fitzroy,NA,2436154,7905158,0.63323407,0,0,0,0,0,0.10979462,1,220,24657,24708,4,220,24657,24708,110,297,0.286395197,1.566810646,-0.239503908,-0.54636703,0.070185415,-0.093434592,-1.775818791,-0.250494029,0.236071705
180,221,147,3,Halford et al. 2004,2,"John Brewer, GBR",GBR,W. Pacific,-18.63197,147.01897,barrier,slope,6,9,COTS,1983-1984,66,1982,3.48,1985,66.29,100,5.272727273,100.4393939,8.651515152,-94.72727273,1996,3,11,5.71,5.71,-62.52,-20.84,412,99300,10983,710,0,0,0,Inside,No,Yes,0,0,0,Great Barrier Reef,Marine Park,National,V: Protected SeascapeI: Protected area with sustainable use of natural resources,None,Designated,2004,1329,194,670811.07,23,670.81107,Fitzroy,NA,2435785,7988572,0.66891424,0,0,0,0,0,0.1159811,1,221,24731,24782,4,221,24731,24782,124,248,0.226706252,1.566810646,-0.239503908,-0.566144069,0.070052873,0.043968389,-1.748271833,-0.250494029,0.311223385
182,223,112,2,Emslie et al 2008,1,"Wreck Island, GBR, Australia",Australia,W. Pacific,-23.3302789,151.93086,barrier,slope,6,9,Storm,1993,86.7,1987,8.2,1993,66.5,100,9.457900807,76.70126874,6.724336794,-90.54209919,2003,6,10,5.83,5.83,-78.5,-13.0833333,357,35237,28,8,4,0,72900,Inside,Yes,No,0,0,0,Great Barrier Reef,Marine Park,National,IV: Protected Seascape: Habitat / Species Management Area,Part,Designated,2004,1329,194,115805.85,23,115.80585,Fitzroy,NA,3250857,9802745,0.42546497,0.3094732,0,0.9230163,0,0,0.28746792,4,223,26886,26939,5,223,26886,26939,232,385,-0.391040581,1.30059667,1.81954623,-1.009463555,0.362822387,-0.893545513,-0.984680888,-0.250238348,0.890964913
